subID,duration_of_look,object_attended,overlapping_pbehaviors,prop_of_look_inSmiling
3201,0.53,1,4,0.473905466
3201,0.56,3,1,0.341225467
3201,0.57,3,1,0.506982857
3201,0.6,2,1,0.475532947
3201,0.6,2,1,0.395423556
3201,0.634,1,1,0.518652472
3201,0.67,2,1,0.381968649
3201,0.7,3,5,0.697542802
3201,0.701,2,1,0.459240861
3201,0.74,1,1,0.417040288
3201,0.76,2,1,0.486849839
3201,0.77,2,3,0.441484078
3201,0.77,1,5,0.702134779
3201,0.8,3,3,0.627898658
3201,0.8,2,1,0.391475333
3201,0.801,1,5,0.495889078
3201,0.87,3,1,0.497473207
3201,0.9,3,2,0.486591598
3201,0.93,3,2,0.498532727
3201,0.93,3,1,0.582125623
3201,0.94,3,5,0.496432665
3201,0.97,3,2,0.692316916
3201,0.97,3,3,0.488717082
3201,0.97,2,3,0.381124265
3201,1,1,3,0.363378431
3201,1.04,3,2,0.342069564
3201,1.06,2,3,0.326728556
3201,1.068,1,4,0.416736854
3201,1.068,1,5,0.377691777
3201,1.07,3,2,0.452957925
3201,1.13,3,1,0.495952291
3201,1.2,1,3,0.386664936
3201,1.2,1,3,0.297692107
3201,1.2,2,1,0.398970576
3201,1.27,3,5,0.375353731
3201,1.334,2,3,0.573573492
3201,1.36,1,3,0.588933925
3201,1.368,1,4,0.598410609
3201,1.4,1,5,0.428116627
3201,1.43,3,5,0.595445319
3201,1.5,2,3,0.688354334
3201,1.51,1,3,0.501318897
3201,1.54,2,3,0.532292934
3201,1.569,2,5,0.645008234
3201,1.61,2,2,0.444061585
3201,1.64,3,3,0.429431512
3201,1.8,2,5,0.561795054
3201,1.8,1,5,0.367249517
3201,1.87,1,5,0.53478568
3201,1.97,1,3,0.438231049
3201,1.97,1,4,0.564252655
3201,2,2,3,0.466351184
3201,2.04,1,2,0.556792269
3201,2.069,2,1,0.395950202
3201,2.3,1,3,0.46535529
3201,2.33,3,3,0.517925473
3201,2.37,3,2,0.475731903
3201,2.4,1,3,0.542397242
3201,2.403,2,5,0.500643384
3201,2.43,2,5,0.537543857
3201,2.53,2,4,0.456875225
3201,2.6,1,3,0.6559654
3201,2.64,1,3,0.486243739
3201,2.7,1,3,0.50699781
3201,2.703,3,4,0.48353098
3201,2.97,2,5,0.352043394
3201,3,2,3,0.644114121
3201,3.03,1,4,0.377131379
3201,3.103,1,5,0.559731619
3201,3.23,3,3,0.59597363
3201,3.54,2,4,0.467666179
3201,3.67,2,2,0.367683571
3201,3.77,2,4,0.456481511
3201,4.27,2,5,0.601624264
3201,4.405,1,4,0.343606643
3201,4.64,2,5,0.474261347
3201,4.738,3,5,0.38053421
3201,4.771,3,4,0.330348627
3201,5.03,3,4,0.623146198
3201,5.48,1,5,0.415654705
3201,5.87,1,5,0.613511219
3201,6.51,3,5,0.663323233
3201,9.71,3,2,0.573110767
3201,10.28,2,3,0.543984444
3201,10.88,3,4,0.571662687
3201,11.55,3,5,0.517621004
3202,0.7,3,1,0.458239892
3202,0.733,2,1,0.399371298
3202,1.17,3,3,0.48536602
3202,1.17,3,1,0.437368127
3202,1.3,1,5,0.672245716
3202,1.37,1,5,0.518313633
3202,1.466,2,5,0.500941661
3202,1.66,2,5,0.61577901
3202,1.667,3,5,0.283931505
3202,1.9,3,2,0.209960197
3202,1.93,1,5,0.306110793
3202,2.23,2,5,0.417022788
3202,2.5,1,5,0.417111643
3202,3.03,2,3,0.423210467
3202,3.1,3,5,0.272344788
3202,3.433,1,3,0.533767932
3202,3.74,1,5,0.467977037
3202,3.74,3,5,0.603339397
3202,3.86,3,5,0.474261485
3202,4.033,1,3,0.640622089
3202,4.2,2,5,0.251359857
3202,4.6,3,5,0.55000998
3202,4.6,1,5,0.936142091
3202,4.63,2,4,0.43739873
3202,5.13,3,5,0.559734547
3202,5.334,3,5,0.551516138
3202,5.47,3,4,0.393700386
3202,5.567,3,5,0.51583654
3202,5.967,3,5,0.594062202
3202,6.67,2,5,0.402652516
3202,14.47,3,4,0.431881799
3202,17.9,3,5,0.386020412
3202,20.13,3,5,0.525157642
3202,22.93,3,5,0.488196485
3204,0.5,3,4,0.634794557
3204,0.534,2,1,0.461062504
3204,0.534,2,1,0.477140652
3204,0.567,3,4,0.6192748
3204,0.6,2,2,0.230210711
3204,0.6,2,4,0.696653565
3204,0.6,2,1,0.505878985
3204,0.601,1,1,0.366187646
3204,0.634,3,4,0.518904643
3204,0.66,2,5,0.656987813
3204,0.67,2,4,0.465676033
3204,0.7,2,1,0.517933598
3204,0.73,2,5,0.618651969
3204,0.801,2,5,0.551287988
3204,0.84,2,5,0.286906381
3204,1.11,1,4,0.55060129
3204,1.13,3,2,0.46547168
3204,1.14,1,5,0.543479381
3204,1.168,3,4,0.532257384
3204,1.17,1,5,0.504386552
3204,1.23,2,1,0.584077006
3204,1.27,3,5,0.443868354
3204,1.301,3,4,0.487877477
3204,1.301,3,4,0.602515107
3204,1.33,1,1,0.532098351
3204,1.54,2,5,0.327247514
3204,2.03,1,5,0.476328075
3204,2.21,2,4,0.345349453
3204,2.44,2,5,0.577148878
3204,2.54,1,5,0.337001052
3204,2.56,1,1,0.548562818
3204,2.569,3,4,0.521780144
3204,2.8,2,5,0.706873047
3204,2.97,2,5,0.365695059
3204,3,1,4,0.66843131
3204,3.24,1,5,0.5722615
3204,3.34,2,5,0.458852549
3204,3.4,3,5,0.509902624
3204,3.67,1,5,0.655405171
3204,4.88,1,4,0.311266667
3204,4.93,2,5,0.611277969
3204,5.2,2,4,0.380541319
3204,5.4,2,5,0.588026758
3204,5.58,3,5,0.470295032
3204,5.6,3,5,0.55704718
3204,7.1,2,5,0.399745106
3204,14.92,3,5,0.605150981
3204,17.18,1,5,0.642273847
3205,0.5,1,2,0.439093198
3205,0.5,3,3,0.380083179
3205,0.53,3,1,0.747510926
3205,0.567,2,2,0.396185114
3205,0.567,1,5,0.508540682
3205,0.57,1,3,0.481077954
3205,0.6,1,5,0.581105234
3205,0.63,2,2,0.494822156
3205,0.633,1,3,0.472664488
3205,0.67,2,5,0.333954366
3205,0.701,1,4,0.409556753
3205,0.77,3,2,0.357052849
3205,0.84,2,3,0.529101394
3205,0.9,1,3,0.458703727
3205,1.1,1,5,0.535365827
3205,1.14,3,5,0.450128142
3205,1.16,1,4,0.674930907
3205,1.23,3,4,0.512371881
3205,1.235,2,1,0.470072701
3205,1.27,2,1,0.464535793
3205,1.3,2,5,0.490980785
3205,1.3,1,3,0.479026954
3205,1.301,2,5,0.459107485
3205,1.301,2,3,0.342582063
3205,1.302,3,1,0.526403444
3205,1.37,3,4,0.667339273
3205,1.43,2,4,0.262102148
3205,1.46,3,3,0.54396168
3205,1.54,1,2,0.535994578
3205,1.57,3,1,0.427146307
3205,1.63,3,5,0.509182486
3205,1.67,2,3,0.534342088
3205,1.71,1,5,0.315269351
3205,1.86,1,5,0.463353541
3205,2,3,4,0.647096625
3205,2.04,3,5,0.418482166
3205,2.1,3,5,0.268862599
3205,2.27,1,3,0.423136034
3205,2.3,2,3,0.437826246
3205,2.34,3,2,0.797625013
3205,2.57,3,4,0.53990665
3205,2.67,1,3,0.547170768
3205,2.71,1,5,0.291549277
3205,2.94,1,5,0.528266966
3205,3.07,2,2,0.585717783
3205,3.07,2,5,0.658240624
3205,3.21,2,5,0.51645651
3205,3.6,2,5,0.259253371
3205,3.81,1,5,0.661170685
3205,4.34,1,5,0.46815991
3205,4.48,1,5,0.459175961
3205,5.33,1,5,0.690311074
3205,5.51,2,5,0.39124297
3205,6.34,1,5,0.50662528
3205,6.5,2,5,0.470510524
3205,7.207,3,5,0.438226567
3205,7.48,1,5,0.837708109
3205,7.541,3,5,0.621907436
3205,7.98,2,4,0.494378952
3205,8.78,3,4,0.257384614
3205,9.08,2,5,0.540305863
3205,20.62,3,5,0.592877964
3205,30.933,3,5,0.409201987
3206,0.57,3,3,0.311388721
3206,0.6,2,2,0.592623129
3206,0.6,1,1,0.715604252
3206,0.6,2,1,0.542658112
3206,0.63,1,2,0.620597664
3206,0.634,1,4,0.628410113
3206,0.634,2,5,0.549840934
3206,0.66,2,5,0.321698426
3206,0.734,1,1,0.64492068
3206,0.734,2,5,0.428883463
3206,0.74,2,4,0.471855268
3206,0.77,2,1,0.535193757
3206,0.801,3,1,0.450298889
3206,0.97,3,5,0.670202654
3206,0.97,3,3,0.508933634
3206,1,2,2,0.476996414
3206,1.01,2,3,0.431506917
3206,1.03,3,5,0.360738265
3206,1.04,1,5,0.510892777
3206,1.1,2,5,0.582068712
3206,1.101,1,1,0.479984059
3206,1.23,3,5,0.694197183
3206,1.24,3,2,0.568899538
3206,1.3,2,5,0.472298538
3206,1.33,2,3,0.643609385
3206,1.46,3,1,0.342570484
3206,1.47,2,5,0.549918739
3206,1.47,1,5,0.441833523
3206,1.502,2,4,0.557456192
3206,1.63,2,4,0.462188444
3206,1.63,3,5,0.643775049
3206,1.67,3,1,0.27633781
3206,1.77,2,5,0.562287832
3206,1.9,2,3,0.46648332
3206,1.94,2,5,0.493601429
3206,1.969,2,5,0.341076744
3206,2,2,4,0.327561484
3206,2.04,1,3,0.497203405
3206,2.102,1,5,0.377859372
3206,2.2,1,5,0.411079418
3206,2.47,3,5,0.750311969
3206,2.6,3,5,0.462710876
3206,2.63,2,4,0.530354764
3206,2.91,2,5,0.596410543
3206,3.01,1,3,0.60201486
3206,3.07,3,5,0.571936112
3206,3.44,2,5,0.602389452
3206,3.5,3,5,0.714382792
3206,3.81,2,5,0.571700202
3206,3.903,3,5,0.351323166
3206,4.11,3,5,0.471926539
3206,4.64,3,5,0.281015677
3206,4.738,3,5,0.488868416
3206,5.04,2,5,0.5177042
3206,5.205,3,5,0.37613914
3206,5.272,1,4,0.509867982
3206,5.31,3,5,0.695807583
3206,5.604,3,4,0.582251902
3206,5.61,2,5,0.525085226
3206,5.87,3,5,0.332813803
3206,6.24,2,5,0.410969414
3206,6.57,2,5,0.535485345
3206,7.01,2,5,0.546926071
3206,8.67,2,5,0.496687072
3206,8.77,3,5,0.530438558
3206,9.38,1,5,0.530235782
3206,9.61,3,5,0.466443867
3206,12.312,3,5,0.26336078
3206,16.59,3,5,0.62350083
3206,16.884,3,5,0.583997071
3207,0.53,2,4,0.507057155
3207,0.54,1,5,0.36330814
3207,0.54,2,1,0.352950429
3207,0.54,1,1,0.638135358
3207,0.6,1,1,0.513727857
3207,0.734,1,2,0.528959916
3207,0.77,3,3,0.293024297
3207,0.84,3,3,0.583996785
3207,0.86,1,5,0.602258756
3207,0.86,2,5,0.399417838
3207,0.867,2,1,0.641678582
3207,0.9,2,2,0.26752516
3207,0.9,1,5,0.333998902
3207,1.04,1,1,0.549313928
3207,1.17,1,4,0.641818389
3207,1.3,1,1,0.578127185
3207,1.34,3,2,0.469040136
3207,1.368,2,5,0.456168007
3207,1.4,1,5,0.447808045
3207,1.4,2,5,0.4401356
3207,1.535,1,4,0.241292827
3207,1.6,3,2,0.56165426
3207,1.64,1,5,0.486678925
3207,1.7,2,3,0.459169061
3207,1.77,2,3,0.415930751
3207,1.8,1,2,0.187428941
3207,1.96,3,1,0.59452072
3207,2.34,2,2,0.716870115
3207,2.436,2,5,0.401740931
3207,2.64,1,5,0.507903909
3207,2.96,2,4,0.422959615
3207,3.07,1,4,0.477187721
3207,3.17,3,5,0.502743671
3207,3.2,3,4,0.393727621
3207,3.44,2,4,0.588897313
3207,3.47,3,5,0.404752217
3207,3.47,1,5,0.566590727
3207,3.57,2,5,0.607627827
3207,3.74,2,1,0.464798328
3207,4.11,3,1,0.517959591
3207,4.54,2,4,0.346134966
3207,4.671,3,5,0.718982655
3207,4.73,3,5,0.41371083
3207,4.74,1,5,0.435137154
3207,4.84,3,5,0.583372491
3207,4.91,2,5,0.453099972
3207,4.97,3,5,0.527540412
3207,5.74,3,5,0.521391305
3207,6.54,3,5,0.710457942
3207,6.841,2,5,0.286933074
3207,6.974,3,5,0.666389359
3207,7.64,1,5,0.37663556
3207,10.11,3,5,0.429943913
3207,11.34,2,5,0.182321477
3208,0.54,1,1,0.660621122
3208,0.57,3,3,0.719735713
3208,0.57,2,1,0.488030944
3208,0.6,3,1,0.623665371
3208,0.67,2,1,0.418344684
3208,0.7,1,1,0.603712916
3208,0.74,1,2,0.479702992
3208,0.76,1,2,0.593978546
3208,0.8,3,1,0.518723322
3208,0.8,2,2,0.46744679
3208,0.8,1,4,0.327700259
3208,0.83,3,2,0.572670798
3208,0.87,2,4,0.405451102
3208,0.9,3,5,0.707202873
3208,0.97,2,2,0.496367257
3208,1,1,2,0.407555533
3208,1.14,2,2,0.414383745
3208,1.201,1,2,0.783113489
3208,1.36,3,3,0.454502171
3208,1.4,2,2,0.70950803
3208,1.41,1,2,0.323491065
3208,1.43,1,5,0.539277747
3208,1.535,1,2,0.454853277
3208,1.6,3,3,0.623491398
3208,1.67,2,3,0.430904639
3208,1.73,2,2,0.3633892
3208,1.76,1,4,0.726010901
3208,1.96,3,2,0.453532011
3208,1.97,3,3,0.541915144
3208,2.03,3,3,0.450620671
3208,2.07,2,5,0.736460757
3208,2.103,2,3,0.439857419
3208,2.27,3,3,0.40150154
3208,2.44,2,5,0.622783926
3208,2.7,2,3,0.4021372
3208,2.97,2,3,0.381599551
3208,3.24,1,2,0.646175705
3208,3.34,1,4,0.474044771
3208,3.504,3,4,0.446959849
3208,3.64,3,3,0.193787736
3208,4.41,3,4,0.577317372
3208,4.74,2,4,0.535296609
3208,4.74,3,5,0.334794242
3208,4.94,2,5,0.603909077
3208,4.971,1,5,0.450870344
3208,5.54,1,2,0.44975206
3208,5.706,3,5,0.293162201
3208,5.906,3,5,0.363911293
3208,6.673,1,4,0.597369127
3208,7.47,2,3,0.558135222
3208,9.57,3,5,0.543532682
3208,10.009,2,5,0.442495423
3208,10.21,3,5,0.537189528
3208,11.11,2,5,0.506126558
3208,12.046,3,5,0.455215457
3211,0.5,3,2,0.472319817
3211,0.5,1,1,0.431877188
3211,0.567,3,4,0.563849578
3211,0.57,1,1,0.430446225
3211,0.57,1,1,0.590401063
3211,0.6,2,3,0.470559397
3211,0.6,2,3,0.211299022
3211,0.63,2,2,0.260448287
3211,0.63,1,1,0.448932889
3211,0.634,2,1,0.54199757
3211,0.64,1,1,0.761579086
3211,0.67,3,1,0.444319623
3211,0.7,3,2,0.431029768
3211,0.7,1,1,0.594610152
3211,0.73,3,1,0.525460926
3211,0.74,3,5,0.691347737
3211,0.77,1,1,0.582463159
3211,0.77,1,4,0.391540784
3211,0.8,3,3,0.543747234
3211,0.801,1,4,0.389939573
3211,0.835,3,1,0.586152275
3211,0.87,3,5,0.311137707
3211,0.901,1,2,0.383768607
3211,0.97,2,5,0.602502849
3211,1,2,5,0.695650824
3211,1.001,2,4,0.474087491
3211,1.27,3,4,0.369369834
3211,1.33,1,2,0.550170789
3211,1.37,3,4,0.739446944
3211,1.37,2,4,0.449593576
3211,1.401,3,5,0.63349799
3211,1.41,1,4,0.629287642
3211,1.44,2,2,0.452738521
3211,1.44,2,5,0.511536344
3211,1.468,1,2,0.60206269
3211,1.57,2,1,0.399150112
3211,1.7,3,2,0.426185803
3211,1.77,3,2,0.401022732
3211,1.8,3,3,0.554056221
3211,1.802,1,5,0.412041859
3211,1.97,1,4,0.477151461
3211,2,3,2,0.404460051
3211,2.03,3,2,0.57515917
3211,2.1,1,1,0.671967236
3211,2.13,3,3,0.414597576
3211,2.16,3,5,0.523092323
3211,2.202,1,2,0.575741234
3211,2.269,1,4,0.502166474
3211,2.3,2,5,0.711331465
3211,2.502,1,4,0.841211218
3211,2.71,1,4,0.75559995
3211,2.736,3,5,0.706382596
3211,2.74,1,1,0.550070956
3211,2.8,2,5,0.535213811
3211,2.94,3,5,0.529008129
3211,3.27,2,5,0.705146239
3211,3.3,2,4,0.570527069
3211,3.3,3,5,0.477219204
3211,3.37,3,5,0.431344378
3211,3.44,2,5,0.304489821
3211,3.64,3,2,0.452848003
3211,3.67,2,3,0.659669968
3211,3.7,1,2,0.540671955
3211,3.737,3,5,0.614887682
3211,3.77,1,4,0.572640679
3211,3.83,2,5,0.424759961
3211,4.04,2,5,0.532308376
3211,4.54,2,2,0.534675137
3211,4.74,2,5,0.633128352
3211,5.04,2,5,0.494110025
3211,5.906,1,5,0.464743181
3211,6.13,1,5,0.297868379
3211,6.14,3,5,0.569928708
3211,6.504,1,5,0.499319726
3211,6.7,2,4,0.490312273
3211,7.47,1,4,0.247746158
3211,8.34,3,5,0.455037624
3211,8.909,3,5,0.354371373
3211,10.51,3,3,0.339345273
3211,11.24,3,5,0.675402316
3211,18.81,3,5,0.591049136
3212,0.601,3,5,0.661305906
3212,0.8,2,5,0.494320455
3212,0.8,1,5,0.426480849
3212,0.86,1,4,0.412913573
3212,1.04,2,5,0.37214588
3212,1.1,1,5,0.633748241
3212,1.1,3,5,0.618365441
3212,1.24,2,4,0.421138847
3212,1.34,3,5,0.611841806
3212,1.37,3,5,0.614173667
3212,1.4,3,5,0.531066088
3212,1.435,3,5,0.359445347
3212,1.47,3,5,0.621650013
3212,1.53,2,5,0.540161909
3212,1.6,3,5,0.679379589
3212,1.73,2,5,0.401092065
3212,1.74,2,5,0.521895121
3212,1.8,2,5,0.651758055
3212,1.9,1,5,0.657704269
3212,1.94,2,5,0.436338877
3212,1.96,1,5,0.653603933
3212,2.002,2,5,0.596495633
3212,2.01,2,5,0.355594638
3212,2.23,3,5,0.399795569
3212,2.3,3,5,0.616364844
3212,2.6,2,5,0.388836239
3212,2.9,3,5,0.373768012
3212,3.24,1,5,0.391048521
3212,3.47,2,5,0.557023641
3212,4.3,3,5,0.474322323
3212,4.305,1,5,0.585759831
3212,4.4,2,5,0.384260107
3212,4.54,2,5,0.443494823
3212,4.67,2,5,0.533867956
3212,5.14,1,5,0.485423943
3212,5.34,1,5,0.428714962
3212,6.84,1,5,0.505997476
3212,7.08,3,5,0.537140866
3212,7.08,2,5,0.466119696
3212,7.14,2,5,0.840721167
3212,9.509,3,5,0.516303536
3212,9.944,3,5,0.588363137
3213,0.5,3,1,0.447653706
3213,0.53,2,3,0.536820388
3213,0.56,2,1,0.417174002
3213,0.6,1,5,0.582515678
3213,0.63,1,5,0.473138684
3213,0.634,3,4,0.461228107
3213,0.66,1,5,0.504880216
3213,0.667,2,1,0.488860358
3213,0.7,1,3,0.65875474
3213,0.701,1,1,0.485210104
3213,0.868,1,4,0.499708862
3213,0.87,1,2,0.414479827
3213,0.9,3,5,0.622958208
3213,0.901,3,5,0.507094519
3213,0.901,3,3,0.389130023
3213,0.93,3,4,0.535129259
3213,0.93,2,5,0.531448163
3213,0.934,3,2,0.441774644
3213,0.935,3,5,0.556377632
3213,0.967,1,5,0.316483793
3213,1,3,4,0.526464988
3213,1.1,2,5,0.334885827
3213,1.135,2,2,0.299551831
3213,1.17,3,4,0.424498734
3213,1.201,3,5,0.245953247
3213,1.3,2,3,0.366418047
3213,1.31,3,1,0.392872402
3213,1.37,3,5,0.693858654
3213,1.4,2,3,0.336021435
3213,1.43,3,4,0.482188376
3213,1.468,3,4,0.498937287
3213,1.468,3,4,0.384034423
3213,1.502,1,5,0.428449784
3213,1.6,2,5,0.619935739
3213,1.602,2,5,0.482045454
3213,1.66,1,3,0.560477431
3213,1.835,2,5,0.785967131
3213,2,2,4,0.534487101
3213,2.07,2,3,0.490218247
3213,2.31,1,5,0.441796939
3213,2.335,1,2,0.630843725
3213,2.44,3,3,0.380523431
3213,2.44,3,4,0.281686895
3213,2.469,2,4,0.62445947
3213,2.7,3,5,0.401202643
3213,2.97,2,2,0.667272121
3213,3.3,3,4,0.585099264
3213,3.403,3,4,0.249325273
3213,3.44,2,5,0.429538796
3213,3.47,2,3,0.383580075
3213,3.54,3,5,0.43960784
3213,3.63,3,4,0.473407247
3213,3.77,2,5,0.504196923
3213,3.832,1,5,0.404099321
3213,3.84,1,5,0.476765731
3213,3.94,2,5,0.568926618
3213,3.971,3,5,0.452211972
3213,4,3,5,0.345115294
3213,4.1,2,4,0.547134575
3213,4.17,3,2,0.527163377
3213,4.238,3,5,0.553628689
3213,4.44,2,4,0.418805144
3213,4.77,3,5,0.427163344
3213,4.98,1,3,0.600681798
3213,5.439,1,5,0.409183316
3213,5.8,3,5,0.470011546
3213,6.48,2,5,0.525494898
3213,6.94,3,5,0.536294466
3213,7.44,3,5,0.399819806
3213,11.25,3,5,0.540733307
3213,13.51,2,5,0.37108481
3213,16.42,2,5,0.395771815
3214,0.5,1,2,0.746928863
3214,0.6,2,4,0.732420698
3214,0.64,2,2,0.553935534
3214,0.701,2,4,0.420883512
3214,0.8,2,3,0.384887994
3214,0.93,1,1,0.710432926
3214,1.03,2,3,0.512964096
3214,1.34,3,5,0.484165411
3214,1.435,2,1,0.446464595
3214,1.534,3,4,0.503969033
3214,1.67,2,5,0.258770826
3214,1.701,1,5,0.239145156
3214,1.97,1,5,0.358012271
3214,2.1,2,4,0.504409026
3214,2.303,2,5,0.29475091
3214,2.402,1,5,0.317388873
3214,2.93,2,5,0.423546485
3214,3.103,2,4,0.373854229
3214,3.17,3,5,0.570060179
3214,3.2,2,4,0.447486168
3214,4.1,1,5,0.493273957
3214,4.33,2,3,0.243201664
3214,4.84,2,5,0.48558392
3214,4.905,3,5,0.337974033
3214,4.93,3,5,0.57511779
3214,5.14,2,5,0.554727143
3214,5.27,3,4,0.394435231
3214,5.54,3,4,0.336664099
3214,10.37,2,5,0.552554316
3215,0.51,1,4,0.715425547
3215,0.56,2,2,0.619805771
3215,0.567,3,1,0.367372865
3215,0.567,3,5,0.478251983
3215,0.6,1,1,0.555398059
3215,0.63,2,1,0.690914834
3215,0.667,3,4,0.441424312
3215,0.7,3,4,0.282768202
3215,0.71,2,4,0.338250994
3215,0.8,2,2,0.513091393
3215,0.801,1,4,0.718557607
3215,0.86,1,2,0.458114129
3215,0.87,1,5,0.519755875
3215,0.87,2,1,0.635653555
3215,0.967,1,5,0.366703918
3215,1,3,5,0.461208883
3215,1,1,5,0.710186797
3215,1.001,3,5,0.488326679
3215,1.001,1,3,0.351501871
3215,1.01,3,2,0.704690329
3215,1.04,1,1,0.463596685
3215,1.07,2,1,0.499824208
3215,1.13,2,5,0.590200372
3215,1.13,2,5,0.343446092
3215,1.134,1,4,0.593951126
3215,1.14,2,4,0.459537927
3215,1.17,1,5,0.258694339
3215,1.2,3,2,0.683629251
3215,1.2,2,3,0.482620759
3215,1.27,3,4,0.49069299
3215,1.36,2,5,0.386732892
3215,1.4,3,4,0.567967139
3215,1.47,1,5,0.491269725
3215,1.53,2,3,0.440117789
3215,1.71,3,3,0.599975176
3215,1.868,3,5,0.608020297
3215,2.04,1,4,0.400600538
3215,2.07,1,4,0.585021254
3215,2.17,2,3,0.589078092
3215,2.2,2,5,0.682233732
3215,2.2,3,5,0.509460138
3215,2.21,1,4,0.535191594
3215,2.27,2,5,0.674727482
3215,2.34,1,5,0.420400885
3215,2.57,3,4,0.317362223
3215,2.66,3,4,0.430652006
3215,2.67,3,5,0.401567734
3215,2.71,2,5,0.227474795
3215,2.73,2,5,0.497727732
3215,2.936,2,4,0.447645234
3215,2.94,1,5,0.437765694
3215,2.97,3,4,0.604699227
3215,3,2,3,0.591540512
3215,3.071,1,5,0.274031565
3215,3.27,3,5,0.607218516
3215,3.37,1,4,0.623356186
3215,3.37,2,5,0.525328484
3215,3.47,2,5,0.580287373
3215,3.54,2,5,0.532767103
3215,3.57,1,5,0.59040602
3215,3.604,3,5,0.525567641
3215,3.637,2,5,0.358060916
3215,3.87,1,5,0.531944099
3215,3.87,1,5,0.518967462
3215,3.937,3,5,0.392623043
3215,3.97,3,5,0.38394933
3215,4.204,3,5,0.369078576
3215,4.4,3,5,0.399377744
3215,4.44,3,5,0.392239148
3215,4.91,3,5,0.623986977
3215,5.37,2,5,0.412934855
3215,5.64,1,5,0.746073869
3215,6.01,1,5,0.472156637
3215,6.106,3,5,0.645329617
3215,6.11,1,5,0.285366238
3215,7.07,3,5,0.517859368
3215,7.17,1,5,0.533760463
3215,7.28,2,5,0.371362732
3215,11.91,3,5,0.540747909
3220,0.5,3,3,0.499886475
3220,0.5,2,5,0.618011654
3220,0.5,3,1,0.601122125
3220,0.533,3,1,0.499341488
3220,0.533,1,4,0.499197503
3220,0.56,2,3,0.448236068
3220,0.56,2,4,0.43368303
3220,0.567,1,2,0.429550809
3220,0.57,2,2,0.475121346
3220,0.57,1,1,0.395650183
3220,0.6,3,2,0.398507143
3220,0.63,2,2,0.697653242
3220,0.63,3,2,0.589378807
3220,0.633,1,4,0.296777132
3220,0.633,2,4,0.410820134
3220,0.7,3,2,0.422048505
3220,0.73,3,1,0.525686135
3220,0.73,2,1,0.570750907
3220,0.77,3,5,0.487477947
3220,0.8,2,4,0.420232288
3220,0.8,2,2,0.448607583
3220,0.8,3,2,0.334034113
3220,0.833,1,2,0.513014248
3220,0.87,2,2,0.348660369
3220,0.9,2,2,0.315170628
3220,0.93,2,5,0.372267328
3220,0.93,2,1,0.613194706
3220,0.967,2,1,0.391512098
3220,0.967,2,1,0.306801156
3220,0.97,2,1,0.61738974
3220,1,1,3,0.470803743
3220,1,2,5,0.521516959
3220,1.03,3,1,0.577862075
3220,1.033,2,1,0.702018497
3220,1.034,3,2,0.617287293
3220,1.067,2,1,0.551887005
3220,1.07,3,2,0.363409613
3220,1.07,2,3,0.648458594
3220,1.13,1,2,0.369477426
3220,1.16,2,5,0.623279945
3220,1.2,2,2,0.300642361
3220,1.23,3,2,0.543994004
3220,1.23,1,1,0.520703256
3220,1.23,3,1,0.396341403
3220,1.233,2,2,0.272724438
3220,1.27,2,2,0.322136463
3220,1.3,3,2,0.547280316
3220,1.33,2,3,0.350485432
3220,1.33,2,5,0.481932485
3220,1.33,2,4,0.576004406
3220,1.34,3,2,0.656999403
3220,1.37,1,2,0.51435926
3220,1.4,1,5,0.745499466
3220,1.47,1,5,0.299895102
3220,1.5,1,5,0.631323468
3220,1.54,3,3,0.4206179
3220,1.63,2,2,0.315807794
3220,1.77,2,4,0.419580972
3220,1.83,3,2,0.494983811
3220,1.867,1,4,0.436160392
3220,1.9,2,2,0.511937741
3220,1.93,3,4,0.548316971
3220,2.07,1,3,0.332969069
3220,2.3,1,5,0.312656092
3220,2.3,3,5,0.347256948
3220,2.6,3,5,0.441401827
3220,2.77,2,5,0.74586108
3220,2.967,3,3,0.591585073
3220,3.1,3,5,0.406641352
3220,3.1,3,5,0.578268859
3220,3.3,1,5,0.559466405
3220,3.33,2,5,0.685911324
3220,3.34,2,5,0.438283216
3220,3.5,1,5,0.434644914
3220,3.5,1,5,0.405153116
3220,3.934,3,5,0.626918407
3220,4.13,1,5,0.626150449
3220,4.16,2,5,0.470112661
3220,4.3,3,4,0.580177036
3220,4.433,3,5,0.47802952
3220,4.46,1,5,0.482464125
3220,7.04,1,5,0.393213
3220,7.4,3,5,0.433140362
3220,7.8,1,5,0.346271034
3220,8.2,2,4,0.455999367
3220,9.667,3,5,0.369304463
7106,0.6,2,1,0.482022796
7106,0.6,2,5,0.452334441
7106,0.67,1,2,0.400779944
7106,0.7,3,1,0.509650179
7106,0.733,3,4,0.632847007
7106,0.8,1,1,0.494817361
7106,0.87,1,5,0.786947778
7106,0.9,2,5,0.486671838
7106,1.03,3,1,0.492747557
7106,1.03,2,1,0.565920029
7106,1.03,3,5,0.619196155
7106,1.1,2,1,0.528806929
7106,1.13,1,2,0.525948873
7106,1.14,3,2,0.671196852
7106,1.16,2,3,0.442066878
7106,1.2,1,5,0.56625451
7106,1.26,2,3,0.477319214
7106,1.5,3,4,0.237238373
7106,1.6,2,5,0.571751625
7106,1.6,3,4,0.592016254
7106,1.63,3,5,0.281156329
7106,1.67,2,3,0.511492128
7106,1.67,1,2,0.630344519
7106,1.67,1,3,0.691035967
7106,1.833,3,5,0.607219464
7106,1.93,2,5,0.446538035
7106,1.94,3,5,0.415619427
7106,2.03,3,5,0.552967853
7106,2.33,2,5,0.327333641
7106,2.4,3,4,0.352256192
7106,2.54,2,5,0.591267197
7106,2.66,3,5,0.332916725
7106,2.7,1,5,0.426056271
7106,2.9,2,5,0.577418793
7106,2.966,3,5,0.397871574
7106,3.2,1,3,0.545653704
7106,3.366,2,4,0.548965916
7106,3.57,2,5,0.372473037
7106,4.03,1,5,0.495629536
7106,4.07,2,5,0.374234294
7106,4.3,3,5,0.134563059
7106,4.4,3,5,0.572855814
7106,4.5,1,4,0.339043766
7106,4.57,2,5,0.504684905
7106,4.64,2,5,0.308061385
7106,4.76,1,5,0.573031532
7106,4.87,2,5,0.429377709
7106,4.97,1,5,0.491205939
7106,5.23,1,5,0.466524004
7106,5.33,1,5,0.419533791
7106,5.334,1,5,0.41763932
7106,5.53,3,5,0.473565101
7106,5.57,3,5,0.47434502
7106,6,1,5,0.436678897
7106,7.067,3,5,0.36822774
7106,7.3,2,5,0.57794481
7106,7.46,1,5,0.536017013
7106,7.897,1,5,0.596262811
7106,8.2,1,5,0.762819779
7106,9.3,1,5,0.412403087
7106,9.44,3,5,0.60813188
7106,9.667,2,5,0.338232577
7106,11.133,3,5,0.572677069
7107,0.5,1,1,0.556686589
7107,0.54,2,1,0.401341097
7107,0.567,2,1,0.646497784
7107,0.6,3,1,0.436728934
7107,0.6,3,1,0.357677089
7107,0.6,1,3,0.318618594
7107,0.633,3,3,0.281088877
7107,0.64,1,3,0.336146618
7107,0.66,3,3,0.327991499
7107,0.7,1,2,0.389222325
7107,0.7,2,2,0.554659645
7107,0.733,2,1,0.501908883
7107,0.733,1,2,0.475808665
7107,0.74,2,1,0.396546749
7107,0.767,1,2,0.60061578
7107,0.833,2,1,0.318485234
7107,0.84,1,5,0.522824306
7107,0.866,3,1,0.493280587
7107,0.87,3,2,0.627628916
7107,0.9,1,3,0.520308438
7107,0.9,3,3,0.547879868
7107,0.9,3,1,0.494558359
7107,0.9,1,5,0.427993919
7107,0.934,1,4,0.322900838
7107,0.94,3,3,0.290659208
7107,0.97,2,5,0.442098773
7107,1,1,4,0.489571412
7107,1.03,1,1,0.525650912
7107,1.13,1,1,0.487360239
7107,1.14,2,5,0.554418219
7107,1.2,2,1,0.59809689
7107,1.24,1,5,0.159144508
7107,1.267,1,1,0.568454169
7107,1.34,2,2,0.389202111
7107,1.4,3,3,0.244997049
7107,1.4,1,2,0.402830009
7107,1.5,1,3,0.300303098
7107,1.5,1,5,0.451953349
7107,1.53,1,1,0.569544808
7107,1.57,1,4,0.358682964
7107,1.6,3,3,0.265783026
7107,1.63,1,3,0.476871392
7107,1.637,2,3,0.454769122
7107,1.7,1,5,0.63737572
7107,1.9,3,5,0.375063936
7107,1.967,3,4,0.388547978
7107,2.13,2,5,0.668403586
7107,2.16,2,2,0.548740455
7107,2.23,2,2,0.547178251
7107,2.23,3,3,0.464126467
7107,2.73,3,2,0.658355434
7107,2.77,2,5,0.407822139
7107,3.3,1,5,0.699913747
7107,3.4,2,2,0.61366501
7107,3.53,2,5,0.465871956
7107,3.54,3,5,0.435733909
7107,3.667,1,5,0.537776649
7107,3.7,1,2,0.474726176
7107,3.834,2,5,0.688733005
7107,3.9,3,5,0.702883601
7107,3.94,3,5,0.59490627
7107,4.27,3,4,0.373915082
7107,4.466,1,5,0.26423802
7107,5.3,3,5,0.314971702
7107,5.63,1,5,0.675921725
7107,6.87,3,3,0.575811518
7107,6.87,3,5,0.477237433
7107,7,1,5,0.404794849
7107,7.87,3,5,0.418329161
7107,13.54,3,5,0.436867753
7107,14.6,3,5,0.450300462
7107,15.57,3,4,0.372801003
7108,0.53,2,5,0.593896385
7108,0.54,2,3,0.577009004
7108,0.63,1,3,0.533543068
7108,0.67,2,5,0.304889377
7108,0.67,1,5,0.690152433
7108,0.7,1,5,0.375203698
7108,0.7,1,4,0.559869595
7108,0.77,1,2,0.494032042
7108,0.8,2,2,0.453067839
7108,0.8,3,4,0.458613571
7108,0.9,1,5,0.474986315
7108,0.9,1,5,0.354364865
7108,0.9,3,1,0.440638502
7108,0.93,1,3,0.611770011
7108,0.97,3,5,0.578643625
7108,1,2,5,0.329851206
7108,1.067,1,4,0.436618554
7108,1.1,2,4,0.436190161
7108,1.2,2,2,0.452293334
7108,1.27,3,4,0.58317607
7108,1.27,2,4,0.676519698
7108,1.4,2,5,0.46448997
7108,1.5,3,2,0.368278776
7108,1.57,2,3,0.61912663
7108,1.63,3,5,0.20955437
7108,1.8,1,5,0.423173706
7108,1.9,3,4,0.708464867
7108,1.9,2,4,0.547397513
7108,2.13,2,4,0.456607267
7108,2.13,2,4,0.585585715
7108,2.17,1,4,0.491036143
7108,2.17,2,4,0.453697497
7108,2.233,2,5,0.556206688
7108,2.36,1,5,0.398931893
7108,2.4,3,5,0.757904733
7108,2.4,1,5,0.4320129
7108,2.57,2,5,0.259755355
7108,2.6,3,5,0.413497658
7108,2.6,3,5,0.598735422
7108,2.7,3,5,0.429025839
7108,2.8,1,5,0.517674397
7108,2.83,3,5,0.493745556
7108,2.97,1,5,0.533770535
7108,3.067,2,4,0.657331183
7108,3.4,3,5,0.502448438
7108,3.46,2,4,0.377885345
7108,3.47,2,5,0.793101394
7108,3.966,2,5,0.68059663
7108,4.07,1,5,0.602678924
7108,4.3,3,5,0.272145338
7108,4.3,3,5,0.50251211
7108,4.96,2,4,0.695705183
7108,4.966,1,5,0.355284293
7108,5.333,3,5,0.519867847
7108,5.53,2,5,0.725003217
7108,6.5,3,5,0.506450447
7108,7.267,1,5,0.625894122
7109,0.53,3,4,0.731654586
7109,0.53,3,1,0.50355225
7109,0.57,1,5,0.549589083
7109,0.6,2,3,0.508772666
7109,0.67,3,5,0.527093215
7109,0.67,2,5,0.43648243
7109,0.7,1,3,0.380216422
7109,0.8,2,5,0.694296565
7109,0.8,3,5,0.43935027
7109,0.867,1,5,0.293398655
7109,0.93,2,5,0.650973334
7109,0.967,3,3,0.528512445
7109,0.97,3,3,0.472559351
7109,1.03,2,4,0.49058829
7109,1.03,1,5,0.45545439
7109,1.034,3,4,0.536897202
7109,1.07,3,5,0.490644597
7109,1.1,1,5,0.444264002
7109,1.166,1,5,0.38557146
7109,1.17,3,5,0.721422022
7109,1.267,1,4,0.396076874
7109,1.33,3,5,0.418746849
7109,1.37,3,5,0.261801629
7109,1.4,2,5,0.378316812
7109,1.47,1,5,0.586711486
7109,1.47,3,4,0.339170613
7109,1.5,1,5,0.735452673
7109,1.53,1,5,0.582195102
7109,1.56,1,5,0.440264148
7109,1.66,1,5,0.595341816
7109,1.666,3,5,0.326460927
7109,1.77,3,3,0.545045092
7109,1.93,1,4,0.165257456
7109,1.933,3,5,0.591636003
7109,1.97,2,5,0.709451503
7109,2.03,2,5,0.551608325
7109,2.1,3,5,0.58786801
7109,2.33,3,4,0.381794728
7109,2.333,2,5,0.777709671
7109,2.43,1,5,0.432073843
7109,2.63,3,5,0.552870117
7109,2.697,1,5,0.486345605
7109,2.834,3,5,0.630889954
7109,2.9,3,5,0.289067842
7109,2.9,3,5,0.632071005
7109,2.96,2,5,0.397380592
7109,3.03,1,5,0.788049819
7109,3.17,3,5,0.622033978
7109,3.2,1,5,0.432388746
7109,3.367,1,5,0.507243022
7109,3.43,1,5,0.468205315
7109,3.56,3,5,0.468810441
7109,3.666,3,5,0.517987859
7109,3.93,3,5,0.502968049
7109,4.03,1,5,0.361627517
7109,4.57,3,4,0.467302988
7109,4.57,3,5,0.526794286
7109,5.27,2,5,0.6484962
7109,5.73,1,5,0.490295197
7109,5.76,1,5,0.600348545
7109,5.93,2,5,0.397931423
7109,6.3,2,5,0.384080703
7109,6.6,3,5,0.471710237
7109,6.87,3,5,0.411188443
7109,7.8,1,5,0.632925728
7109,9,3,5,0.458186872
7109,9.77,3,5,0.375349386
7109,12.17,3,5,0.44888591
7109,17.07,3,4,0.655933154
7110,0.6,1,4,0.219681663
7110,0.76,3,5,0.357793488
7110,0.767,1,5,0.431452159
7110,0.8,1,5,0.513756753
7110,0.8,3,5,0.466808986
7110,0.9,2,4,0.334904469
7110,0.97,1,5,0.502125947
7110,1,2,2,0.6731134
7110,1.03,3,2,0.418401282
7110,1.14,3,5,0.455070487
7110,1.2,3,3,0.565901598
7110,1.2,3,5,0.490361056
7110,1.2,2,5,0.454419142
7110,1.24,3,4,0.169909691
7110,1.3,1,4,0.549373143
7110,1.43,1,2,0.362551359
7110,1.43,1,4,0.688167976
7110,1.533,3,4,0.374674312
7110,1.567,3,4,0.395136502
7110,1.8,2,5,0.522827544
7110,1.8,3,5,0.342268214
7110,1.9,2,5,0.87816376
7110,1.94,2,4,0.43742259
7110,1.966,3,4,0.378067638
7110,2.07,3,3,0.40985936
7110,2.37,2,4,0.416680527
7110,2.4,3,4,0.436538153
7110,2.4,2,4,0.46539813
7110,2.5,3,5,0.373134527
7110,2.56,2,4,0.514810514
7110,2.7,3,4,0.642751745
7110,2.74,2,4,0.454278837
7110,2.767,3,4,0.391012038
7110,3.03,1,4,0.460681572
7110,3.56,3,3,0.333492673
7110,3.63,3,5,0.535926677
7110,4,1,5,0.351318579
7110,4.07,3,3,0.624695703
7110,4.37,2,4,0.606291879
7110,4.46,1,5,0.676639597
7110,5.27,1,5,0.510334903
7110,5.33,1,4,0.328956278
7110,5.7,3,4,0.539647915
7110,5.8,2,5,0.409640509
7110,6.2,2,4,0.499439424
7110,7.2,3,5,0.35589493
7110,8.37,3,4,0.439005097
7110,8.67,3,4,0.379311857
7110,9.7,2,4,0.593151202
7110,9.767,3,4,0.384567725
7110,12.26,3,5,0.792608937
7110,12.3,3,5,0.373192793
7110,14.27,3,5,0.572159654
7112,0.53,2,3,0.581041644
7112,0.6,1,5,0.813864313
7112,0.7,3,3,0.473104035
7112,0.8,2,2,0.419476238
7112,0.8,2,1,0.612920235
7112,0.84,3,4,0.601307823
7112,0.86,2,1,0.314089457
7112,0.87,3,2,0.506689919
7112,0.93,3,5,0.533507489
7112,1.167,2,5,0.388233654
7112,1.3,2,1,0.512298881
7112,1.34,3,1,0.505063339
7112,1.36,2,1,0.584627367
7112,1.4,3,2,0.525250901
7112,1.5,1,5,0.563866053
7112,1.7,3,3,0.525110768
7112,1.73,2,4,0.715674065
7112,1.866,2,5,0.477319742
7112,2,3,5,0.361259752
7112,2.267,3,5,0.579287508
7112,2.37,3,4,0.549242205
7112,2.46,3,3,0.661682162
7112,2.533,2,5,0.357195519
7112,2.8,3,5,0.667244312
7112,2.87,3,5,0.408216797
7112,3.13,2,5,0.473305553
7112,3.23,3,5,0.396256896
7112,3.3,3,3,0.527609045
7112,3.73,2,5,0.632484432
7112,4.1,3,4,0.570217491
7112,4.867,3,5,0.595502634
7112,5.47,1,5,0.499120522
7112,5.67,3,3,0.403631307
7112,7.76,1,5,0.516710573
7115,0.5,2,1,0.775039245
7115,0.5,2,1,0.66581127
7115,0.56,3,3,0.834866462
7115,0.57,2,1,0.416028448
7115,0.6,2,5,0.657054186
7115,0.63,2,1,0.5029552
7115,0.63,2,1,0.485406808
7115,0.64,1,1,0.530669296
7115,0.64,1,1,0.63714564
7115,0.7,3,1,0.505829729
7115,0.73,2,3,0.610810768
7115,0.74,1,1,0.59471636
7115,0.8,1,1,0.345194263
7115,0.84,3,4,0.471204286
7115,0.9,1,2,0.443858725
7115,0.9,3,3,0.682410108
7115,0.9,1,5,0.532085185
7115,0.93,1,1,0.601951702
7115,0.934,2,2,0.645289679
7115,1,3,3,0.63138401
7115,1,1,4,0.50492545
7115,1.03,2,4,0.540535078
7115,1.034,3,4,0.575752173
7115,1.07,1,5,0.515832991
7115,1.07,2,1,0.494549981
7115,1.07,1,3,0.595016661
7115,1.1,2,2,0.491709431
7115,1.1,1,4,0.578318047
7115,1.2,3,1,0.404958213
7115,1.2,1,1,0.548226073
7115,1.3,2,3,0.346510559
7115,1.4,2,3,0.36001706
7115,1.46,3,4,0.680775029
7115,1.6,3,2,0.586814109
7115,1.63,1,3,0.349105139
7115,1.73,1,1,0.377676494
7115,1.8,2,3,0.624829571
7115,1.8,3,4,0.88310719
7115,1.9,1,5,0.423671195
7115,1.967,3,5,0.51936469
7115,2.03,3,1,0.695390268
7115,2.23,1,2,0.370314631
7115,2.37,3,4,0.475988674
7115,2.43,2,2,0.6002714
7115,2.567,1,2,0.220458788
7115,2.57,1,5,0.298116383
7115,2.66,2,2,0.619437572
7115,3,3,4,0.664064759
7115,3.16,3,5,0.552521983
7115,3.27,1,4,0.582242215
7115,3.34,3,4,0.197008801
7115,3.766,3,4,0.610140384
7115,3.97,3,4,0.371337424
7115,4,2,5,0.6302905
7115,4.197,3,2,0.676909153
7115,4.77,1,4,0.495004925
7115,5.4,3,4,0.382622927
7115,5.7,2,5,0.597247846
7115,5.8,2,5,0.429843114
7115,5.833,3,5,0.324965632
7115,6.23,1,2,0.425631274
7115,6.466,3,4,0.465578241
7115,7.83,3,4,0.458281434
7115,8.1,1,5,0.449871432
7115,9.56,3,5,0.429949778
7115,10.3,3,5,0.497842305
7115,10.67,3,5,0.608838173
7115,15.67,3,4,0.477034048
7115,21.27,3,5,0.739518572
7126,0.5,1,1,0.370179599
7126,0.54,1,5,0.43892531
7126,0.56,2,1,0.599280787
7126,0.6,1,5,0.454676991
7126,0.6,3,1,0.401815105
7126,0.7,3,1,0.521925511
7126,0.7,2,1,0.721660997
7126,0.7,1,3,0.417694068
7126,0.73,2,1,0.291584393
7126,0.76,2,4,0.39386885
7126,0.77,3,2,0.54962032
7126,0.834,1,5,0.468080697
7126,0.86,1,3,0.526540831
7126,0.867,3,1,0.456554073
7126,0.87,3,1,0.459774582
7126,0.93,1,5,0.323917545
7126,0.93,3,1,0.627774291
7126,0.934,3,1,0.537236547
7126,0.97,3,2,0.551802433
7126,0.97,3,1,0.601470248
7126,1.034,3,1,0.461309659
7126,1.06,3,3,0.516450737
7126,1.06,2,5,0.56603817
7126,1.07,3,3,0.717666162
7126,1.07,1,3,0.3899091
7126,1.1,2,1,0.542347184
7126,1.16,2,5,0.502166065
7126,1.167,3,5,0.404289599
7126,1.17,3,1,0.369826512
7126,1.2,3,5,0.509836588
7126,1.23,3,2,0.374334579
7126,1.23,1,3,0.752257953
7126,1.23,1,1,0.546899173
7126,1.27,1,3,0.234691507
7126,1.27,2,3,0.273775844
7126,1.3,1,3,0.567147316
7126,1.3,1,2,0.616787956
7126,1.367,2,5,0.408077189
7126,1.37,2,1,0.536347167
7126,1.56,2,4,0.370635536
7126,1.6,2,1,0.569890109
7126,1.6,3,1,0.443889287
7126,1.67,3,4,0.634050749
7126,1.67,1,5,0.474734041
7126,1.7,1,3,0.438509345
7126,1.74,1,4,0.341403564
7126,1.8,2,2,0.486317421
7126,1.9,1,3,0.597881859
7126,2.03,1,5,0.332163701
7126,2.034,3,4,0.480141776
7126,2.04,3,2,0.299234766
7126,2.07,1,5,0.435537702
7126,2.1,3,5,0.606393203
7126,2.13,1,5,0.420933542
7126,2.5,2,2,0.518440178
7126,2.6,2,5,0.585544725
7126,2.6,3,3,0.79282601
7126,3.13,3,4,0.364643701
7126,3.26,2,5,0.506063454
7126,3.44,2,1,0.619921925
7126,3.6,1,5,0.377103445
7126,3.8,3,5,0.511272618
7126,3.87,3,4,0.29972186
7126,4.27,1,4,0.40806051
7126,4.3,2,4,0.509724146
7126,4.433,3,3,0.625492784
7126,5.2,2,4,0.484264482
7126,5.37,3,5,0.65079021
7126,5.633,1,5,0.496837817
7126,5.64,3,4,0.665096128
7126,6.1,3,5,0.696546538
7126,6.2,3,5,0.556148601
7126,6.26,3,1,0.345740366
7126,6.73,3,5,0.618357619
7126,7.53,3,5,0.617770496
7126,7.6,3,5,0.432478545
7126,9.26,3,2,0.597699287
7126,9.8,3,4,0.637799134
7128,0.533,1,5,0.443811559
7128,0.6,1,4,0.453338097
7128,0.733,1,5,0.364041908
7128,1.066,3,5,0.45161658
7128,1.067,2,5,0.462434471
7128,1.4,3,5,0.447841531
7128,1.434,3,5,0.602096843
7128,1.633,3,3,0.546112425
7128,1.833,1,5,0.530686885
7128,1.87,1,5,0.408292662
7128,3.033,1,5,0.505905174
7128,3.134,2,5,0.434646024
7128,3.233,3,4,0.409772845
7128,3.433,1,5,0.422647928
7128,3.6,3,5,0.475625743
7128,3.7,1,5,0.562302433
7128,3.97,1,5,0.513385534
7128,4.5,3,5,0.617092255
7128,6.566,1,5,0.694014281
7129,0.5,3,1,0.774429225
7129,0.5,2,1,0.653218594
7129,0.53,1,1,0.507817023
7129,0.56,1,5,0.566063763
7129,0.6,2,3,0.645165226
7129,0.66,3,3,0.569504731
7129,0.67,1,2,0.710487826
7129,0.67,2,1,0.538645674
7129,0.73,2,2,0.365509623
7129,0.74,3,1,0.589833972
7129,0.8,3,1,0.583639444
7129,0.8,3,1,0.434888245
7129,0.84,1,3,0.499688295
7129,0.84,3,5,0.298832079
7129,0.86,1,1,0.590618111
7129,0.97,1,4,0.463511782
7129,0.97,2,1,0.478162088
7129,0.97,2,2,0.655166621
7129,1,2,1,0.456970466
7129,1.03,1,3,0.478156
7129,1.066,1,5,0.389555562
7129,1.1,3,5,0.453159653
7129,1.1,2,1,0.5206807
7129,1.17,3,2,0.61161852
7129,1.367,1,4,0.462457698
7129,1.44,3,1,0.574662938
7129,1.53,3,5,0.379428837
7129,1.57,1,5,0.563552035
7129,1.6,2,1,0.503280033
7129,1.66,2,5,0.41179715
7129,1.8,3,4,0.524461263
7129,1.83,2,5,0.620507051
7129,1.87,1,5,0.448679687
7129,1.94,3,5,0.427377746
7129,2.1,2,5,0.447138705
7129,2.14,3,5,0.613561413
7129,2.2,3,4,0.614902335
7129,2.2,2,5,0.634194208
7129,2.26,2,5,0.478414575
7129,2.3,3,5,0.35338672
7129,2.33,1,5,0.61157702
7129,2.5,1,3,0.393344355
7129,2.6,3,5,0.494021837
7129,2.633,2,5,0.473567488
7129,2.666,1,5,0.529979775
7129,2.67,2,2,0.629213994
7129,2.7,1,5,0.365574924
7129,2.833,3,5,0.514609559
7129,3.17,3,4,0.342228429
7129,3.26,3,5,0.585630085
7129,3.36,2,5,0.430312342
7129,3.37,3,5,0.632522082
7129,3.37,3,2,0.802051427
7129,3.4,2,4,0.488567343
7129,3.64,2,4,0.365724045
7129,3.94,3,4,0.533327407
7129,3.97,2,5,0.50530404
7129,4,1,5,0.480307141
7129,4,1,5,0.271671568
7129,4.5,3,3,0.45257724
7129,5.13,3,5,0.798055789
7129,5.73,1,5,0.320470626
7129,5.83,3,4,0.242119424
7129,5.9,2,4,0.486958797
7129,6.067,2,5,0.521817324
7129,6.33,2,4,0.657318879
7129,6.77,3,5,0.425385702
7129,6.87,3,5,0.630464352
7129,6.97,3,5,0.624094994
7129,7.267,3,5,0.318040667
7129,8.13,3,5,0.494776388
7129,8.37,3,5,0.590676373
7129,8.54,3,5,0.5289784
7129,11.233,3,5,0.469861785
7129,13.64,3,5,0.457732382
7131,0.54,1,1,0.67640677
7131,0.57,1,5,0.596877364
7131,0.633,1,5,0.600676889
7131,0.74,1,5,0.587035515
7131,0.77,2,5,0.547303036
7131,0.8,1,4,0.434912955
7131,0.834,1,1,0.529925506
7131,0.866,2,4,0.623251006
7131,0.9,1,5,0.551695532
7131,1.2,3,5,0.411041592
7131,1.234,2,4,0.653102217
7131,1.5,1,5,0.645312897
7131,1.666,1,5,0.525036051
7131,1.7,3,5,0.131315512
7131,1.767,2,5,0.403679551
7131,2,2,5,0.50644897
7131,2.74,1,5,0.419951764
7131,4.06,3,5,0.402444093
7131,4.3,1,5,0.556740192
7131,6.097,3,5,0.484646905
7134,0.5,3,4,0.494652361
7134,0.53,1,4,0.534336037
7134,0.53,3,2,0.553430563
7134,0.53,1,3,0.71657203
7134,0.56,3,4,0.436420914
7134,0.566,1,4,0.535619599
7134,0.57,1,4,0.396698876
7134,0.6,3,2,0.491610882
7134,0.6,1,1,0.498409962
7134,0.6,3,1,0.748187497
7134,0.63,3,1,0.386604396
7134,0.667,1,4,0.358995444
7134,0.67,1,2,0.368515757
7134,0.7,3,4,0.642784133
7134,0.77,3,5,0.633878797
7134,0.77,1,5,0.653725841
7134,0.8,1,4,0.496866582
7134,0.8,3,2,0.325221565
7134,0.8,1,1,0.491859292
7134,0.83,3,3,0.409214824
7134,0.86,1,1,0.656445382
7134,1,2,2,0.744868018
7134,1,1,1,0.488059197
7134,1.1,3,4,0.387202255
7134,1.1,2,5,0.480609256
7134,1.13,3,4,0.41809045
7134,1.133,2,4,0.366770467
7134,1.16,3,1,0.609830538
7134,1.17,3,4,0.358442125
7134,1.2,3,4,0.404192692
7134,1.2,1,1,0.545275679
7134,1.24,2,2,0.445896571
7134,1.24,1,1,0.559882665
7134,1.27,3,2,0.440497799
7134,1.27,1,4,0.478836425
7134,1.27,3,4,0.453129499
7134,1.27,1,5,0.707356475
7134,1.33,1,4,0.392562226
7134,1.33,2,5,0.475995802
7134,1.33,1,4,0.577799548
7134,1.37,3,2,0.585207659
7134,1.37,3,4,0.418319636
7134,1.43,3,3,0.487858782
7134,1.43,2,5,0.18460536
7134,1.5,2,5,0.466317204
7134,1.566,3,1,0.531990683
7134,1.633,1,4,0.576662805
7134,1.67,2,4,0.548760611
7134,1.74,2,5,0.460408063
7134,1.8,2,5,0.424373923
7134,1.9,3,5,0.443000646
7134,1.933,3,5,0.337995678
7134,1.96,1,5,0.406207844
7134,1.97,2,5,0.611854455
7134,2.03,1,4,0.445529907
7134,2.17,2,3,0.413168078
7134,2.17,3,4,0.522156552
7134,2.37,1,4,0.411390977
7134,2.4,1,4,0.48349764
7134,2.43,2,5,0.245629842
7134,2.44,1,4,0.641228092
7134,2.46,3,4,0.646349184
7134,2.57,2,2,0.627746649
7134,2.733,1,4,0.704072203
7134,2.8,1,4,0.506446473
7134,2.966,3,5,0.393359798
7134,3.07,3,2,0.559761324
7134,3.1,3,4,0.532027934
7134,3.14,3,4,0.519098408
7134,3.26,3,5,0.418818254
7134,3.33,3,5,0.445482299
7134,3.4,2,5,0.56062121
7134,3.54,3,4,0.439470473
7134,3.57,2,4,0.438399455
7134,3.57,3,4,0.550694014
7134,4.17,3,5,0.746969271
7134,4.2,3,4,0.704719001
7134,4.34,3,4,0.693160589
7134,4.6,2,5,0.388626724
7134,5.07,3,4,0.532896782
7134,6.03,2,5,0.47680303
7134,6.53,3,5,0.563399056
7134,6.93,2,5,0.466954178
7134,8.133,3,4,0.704670149
7202,0.5,2,3,0.331846403
7202,0.5,2,3,0.413197832
7202,0.5,2,1,0.552762872
7202,0.5,3,1,0.539456651
7202,0.53,1,1,0.425257812
7202,0.53,1,3,0.372299782
7202,0.56,3,2,0.560989759
7202,0.56,3,3,0.577614588
7202,0.567,2,1,0.300907813
7202,0.63,3,4,0.459533956
7202,0.66,2,3,0.687739368
7202,0.667,3,4,0.572786165
7202,0.667,2,1,0.678961993
7202,0.67,3,1,0.542470424
7202,0.67,3,4,0.565539568
7202,0.7,1,3,0.604528032
7202,0.7,3,5,0.802499636
7202,0.7,3,1,0.481332123
7202,0.73,1,1,0.453472409
7202,0.74,3,3,0.544331651
7202,0.77,1,1,0.378752918
7202,0.8,3,4,0.320079293
7202,0.8,3,4,0.687387008
7202,0.8,2,1,0.441096469
7202,0.8,1,3,0.829284684
7202,0.8,3,5,0.389499063
7202,0.86,3,1,0.710204017
7202,0.87,1,3,0.441084672
7202,0.9,1,5,0.736389861
7202,0.9,1,1,0.459816633
7202,0.9,2,1,0.543675427
7202,0.9,1,5,0.4862943
7202,0.93,1,2,0.535152282
7202,0.93,1,3,0.5449861
7202,0.93,1,4,0.282015021
7202,0.933,2,1,0.41933726
7202,0.94,2,1,0.455196958
7202,0.96,2,5,0.467217538
7202,1,2,4,0.574220045
7202,1,2,1,0.313112279
7202,1.06,1,2,0.5314402
7202,1.1,1,1,0.662177807
7202,1.1,1,4,0.497145153
7202,1.17,3,3,0.531734356
7202,1.17,3,3,0.501673319
7202,1.2,1,4,0.543655621
7202,1.267,2,2,0.489801189
7202,1.3,1,1,0.506669064
7202,1.37,1,5,0.475048769
7202,1.4,1,4,0.547963719
7202,1.5,1,3,0.451224172
7202,1.57,1,2,0.496916932
7202,1.6,3,3,0.66103807
7202,1.634,3,3,0.493166023
7202,1.667,3,3,0.480455687
7202,1.7,1,5,0.40513623
7202,1.73,3,4,0.420448546
7202,1.8,1,3,0.32436394
7202,1.83,1,4,0.47554063
7202,1.83,2,3,0.392310236
7202,1.83,1,5,0.531656145
7202,1.83,1,5,0.562079231
7202,1.837,3,4,0.387749978
7202,1.93,3,5,0.533923482
7202,2.03,3,4,0.400180485
7202,2.03,1,4,0.551948885
7202,2.07,1,4,0.842161508
7202,2.13,1,4,0.677776576
7202,2.134,1,3,0.530554232
7202,2.16,3,5,0.526645463
7202,2.167,3,4,0.702773903
7202,2.17,1,1,0.596258668
7202,2.2,2,5,0.53671434
7202,2.27,1,4,0.607519356
7202,2.3,3,3,0.546379192
7202,2.36,1,4,0.629138392
7202,2.46,3,4,0.302178243
7202,2.47,1,4,0.609704636
7202,2.57,3,1,0.507645518
7202,2.67,3,5,0.432631944
7202,2.7,3,2,0.295389402
7202,2.74,2,3,0.489294297
7202,2.9,3,4,0.25619529
7202,3.07,1,5,0.392910077
7202,3.167,3,5,0.503641694
7202,3.37,3,5,0.536176412
7202,3.46,3,4,0.507188457
7202,3.54,1,5,0.481766909
7202,3.83,1,4,0.641230109
7202,3.84,3,2,0.462022629
7202,4.8,1,3,0.594190617
7202,4.97,1,5,0.520850937
7202,5.07,1,3,0.424545218
7202,5.23,3,3,0.51808751
7202,5.333,1,3,0.491093819
7202,5.96,3,5,0.731245081
7202,6.133,3,5,0.358588423
7202,6.333,3,5,0.45179994
7202,7.13,1,5,0.827652755
7202,13.3,1,5,0.544823845
7203,0.5,3,2,0.412285508
7203,0.5,2,1,0.542606444
7203,0.53,3,1,0.614752897
7203,0.56,3,5,0.453331301
7203,0.6,3,2,0.539373287
7203,0.6,2,3,0.457177819
7203,0.6,1,3,0.452248567
7203,0.63,3,4,0.425356138
7203,0.633,2,1,0.416137751
7203,0.667,2,2,0.382748017
7203,0.74,3,5,0.589745393
7203,0.767,3,2,0.549885891
7203,0.8,2,3,0.563677989
7203,0.8,2,5,0.511840471
7203,0.8,2,1,0.244402803
7203,0.83,3,4,0.568900527
7203,0.833,1,2,0.609465472
7203,0.86,3,5,0.355560582
7203,0.87,3,4,0.544084275
7203,0.9,1,1,0.444295215
7203,0.9,3,4,0.601555495
7203,0.93,1,5,0.430245686
7203,0.933,1,2,0.647900327
7203,0.97,1,3,0.488604167
7203,1,3,5,0.26971578
7203,1.03,2,5,0.519330856
7203,1.1,2,2,0.597359309
7203,1.2,3,1,0.370866697
7203,1.27,3,5,0.558182379
7203,1.3,1,2,0.543152895
7203,1.33,1,4,0.429738715
7203,1.4,2,2,0.429096231
7203,1.44,3,5,0.521674431
7203,1.466,3,4,0.481893205
7203,1.5,2,3,0.273384421
7203,1.534,3,5,0.549869632
7203,1.56,3,2,0.439144889
7203,1.6,3,3,0.509985687
7203,1.633,1,5,0.398897005
7203,1.667,1,3,0.509217518
7203,1.73,3,4,0.56077555
7203,1.767,1,4,0.350720207
7203,1.933,1,5,0.228520785
7203,1.933,1,1,0.646607084
7203,2.14,3,3,0.350828938
7203,2.17,3,5,0.345247648
7203,2.2,2,5,0.549685899
7203,2.3,2,5,0.429355151
7203,2.4,3,5,0.399942735
7203,2.43,1,5,0.667860175
7203,2.47,3,5,0.473283995
7203,2.5,3,3,0.453815454
7203,2.53,1,5,0.10317068
7203,2.667,2,5,0.284527487
7203,2.7,3,4,0.4606052
7203,2.77,2,5,0.479362256
7203,2.77,1,3,0.392898738
7203,2.83,1,3,0.449977236
7203,2.9,1,5,0.472688732
7203,2.933,1,5,0.729815388
7203,3.267,1,5,0.341186267
7203,3.27,2,3,0.549641051
7203,3.3,2,2,0.443732098
7203,3.37,3,3,0.507189318
7203,3.37,3,3,0.551578853
7203,3.4,2,5,0.223218991
7203,3.47,1,2,0.399760672
7203,3.63,2,4,0.537477929
7203,3.87,3,2,0.397336259
7203,3.9,2,2,0.574356132
7203,3.94,3,4,0.566242456
7203,4,2,5,0.400384604
7203,4.137,3,5,0.679298407
7203,4.2,3,4,0.388708289
7203,4.2,1,4,0.31404337
7203,4.27,1,5,0.540283578
7203,4.33,2,5,0.452184086
7203,4.44,1,4,0.419560827
7203,4.5,2,5,0.70115291
7203,4.6,1,2,0.495552334
7203,4.8,1,2,0.537983184
7203,5.03,1,5,0.384970111
7203,5.1,3,2,0.605264019
7203,5.27,2,4,0.271527834
7203,5.33,3,5,0.55136235
7203,5.47,3,5,0.58316166
7203,5.5,3,5,0.482739686
7203,5.63,3,5,0.657074614
7203,6.43,3,5,0.621903607
7203,6.83,3,4,0.402907087
7203,8.3,1,5,0.686715902
7203,8.47,2,5,0.380820565
7203,10.33,2,5,0.655912974
7204,0.54,1,2,0.585874994
7204,0.6,1,1,0.349136884
7204,0.67,3,2,0.484411564
7204,0.67,3,4,0.599034946
7204,0.7,1,2,0.361873573
7204,0.76,1,1,0.613567739
7204,0.767,3,1,0.58292014
7204,0.833,2,3,0.564145566
7204,0.96,3,1,0.466287157
7204,0.96,2,1,0.762736587
7204,1.1,1,2,0.270611139
7204,1.133,3,1,0.247365082
7204,1.16,2,1,0.494407577
7204,1.23,3,1,0.534040949
7204,1.23,3,5,0.612081594
7204,1.267,2,1,0.441865436
7204,1.3,1,1,0.447082281
7204,1.43,3,5,0.634565039
7204,1.53,3,5,0.628489363
7204,1.567,1,3,0.472004829
7204,1.57,2,4,0.455617529
7204,1.63,2,2,0.482177429
7204,1.67,2,2,0.563298559
7204,1.7,3,5,0.311426602
7204,1.83,1,3,0.496225772
7204,1.86,2,2,0.666567928
7204,1.9,2,5,0.451864209
7204,2.03,3,4,0.281293936
7204,2.1,3,4,0.325544842
7204,2.1,2,4,0.532563414
7204,2.1,1,4,0.55210312
7204,2.17,1,4,0.375657609
7204,2.23,3,5,0.655946442
7204,2.3,3,4,0.543946162
7204,2.3,1,2,0.483576828
7204,2.333,3,2,0.668146037
7204,2.37,2,4,0.379901136
7204,2.5,1,4,0.535611717
7204,2.53,1,4,0.306252169
7204,2.667,1,2,0.178116797
7204,2.9,1,5,0.497092327
7204,3.2,1,4,0.59444452
7204,3.4,2,4,0.419657563
7204,3.6,3,4,0.644809452
7204,3.67,1,2,0.405502418
7204,3.97,1,4,0.337408346
7204,4.27,2,4,0.4245555
7204,4.3,1,4,0.404594864
7204,4.33,1,4,0.4598189
7204,4.4,3,5,0.41246948
7204,4.43,1,4,0.324660119
7204,4.7,1,4,0.409582529
7204,5.1,1,3,0.548098847
7204,5.33,2,2,0.407893484
7204,5.57,2,2,0.577650684
7204,6.033,3,3,0.438733418
7204,6.33,1,4,0.568738169
7204,7.067,1,5,0.400238558
7204,7.73,1,4,0.506232772
7204,8.27,2,5,0.376354286
7204,8.93,3,5,0.459767814
7204,9.97,3,5,0.434706517
7211,0.5,3,1,0.338306068
7211,0.53,1,2,0.290742491
7211,0.53,3,2,0.414464408
7211,0.54,1,4,0.507672762
7211,0.56,3,3,0.676783991
7211,0.57,3,2,0.349316145
7211,0.6,3,5,0.420840107
7211,0.6,3,1,0.399091208
7211,0.6,1,3,0.397793747
7211,0.6,1,5,0.466525839
7211,0.6,1,1,0.625717369
7211,0.63,2,1,0.548301019
7211,0.63,3,2,0.536126145
7211,0.64,1,1,0.57815826
7211,0.67,2,1,0.329410382
7211,0.7,1,1,0.421239437
7211,0.77,2,4,0.194509914
7211,0.77,3,5,0.643877337
7211,0.86,1,1,0.630855303
7211,0.87,1,1,0.475413718
7211,0.9,3,3,0.405304785
7211,0.9,1,1,0.445268465
7211,0.9,2,1,0.593197637
7211,1,2,3,0.536529514
7211,1,3,1,0.465950936
7211,1,1,1,0.565080895
7211,1.03,3,1,0.441840584
7211,1.03,1,4,0.380707081
7211,1.04,2,3,0.541127924
7211,1.067,3,1,0.463668184
7211,1.1,2,3,0.569061709
7211,1.133,1,3,0.637832672
7211,1.133,3,4,0.495012382
7211,1.2,1,2,0.434321158
7211,1.23,1,1,0.447087001
7211,1.26,1,2,0.306133978
7211,1.27,1,5,0.506397788
7211,1.3,2,2,0.407552928
7211,1.34,1,5,0.472665609
7211,1.37,2,4,0.617761526
7211,1.4,1,4,0.475837211
7211,1.47,3,1,0.611886094
7211,1.57,2,5,0.445233054
7211,1.6,1,4,0.619920489
7211,1.77,1,2,0.439813249
7211,2.07,3,5,0.570468756
7211,2.1,1,4,0.674197597
7211,2.3,1,5,0.378113747
7211,2.333,1,5,0.422801074
7211,2.37,1,4,0.455182259
7211,2.43,1,4,0.528155687
7211,2.434,3,4,0.481748966
7211,2.54,1,5,0.413605758
7211,2.6,3,5,0.495725013
7211,2.63,1,2,0.521896285
7211,2.64,1,5,0.740293512
7211,2.733,2,4,0.413688747
7211,3.03,1,4,0.76301806
7211,3.14,3,5,0.385917038
7211,3.74,3,3,0.551952027
7211,3.76,3,5,0.467727314
7211,4.03,1,5,0.552306707
7211,4.04,2,5,0.630906381
7211,4.467,1,5,0.513463151
7211,6.13,1,5,0.424503048
7211,6.6,1,5,0.673583882
7211,7.07,3,4,0.422468773
7211,9.9,2,5,0.531329826
7211,15.53,1,5,0.511623592
7213,0.5,2,5,0.522585196
7213,0.53,2,1,0.377008625
7213,0.56,2,1,0.543144824
7213,0.56,1,4,0.466224184
7213,0.57,3,4,0.424042605
7213,0.57,2,1,0.3265172
7213,0.6,2,1,0.590484787
7213,0.6,2,5,0.592184227
7213,0.64,1,2,0.387764116
7213,0.67,3,2,0.406728838
7213,0.67,2,5,0.64492082
7213,0.7,3,5,0.620852748
7213,0.7,3,5,0.573737293
7213,0.7,1,1,0.510157309
7213,0.7,3,1,0.547460639
7213,0.73,3,5,0.416341052
7213,0.733,2,5,0.45928488
7213,0.77,3,5,0.55602181
7213,0.8,2,1,0.648062171
7213,0.84,2,2,0.656104114
7213,0.9,3,5,0.455605111
7213,0.967,1,2,0.393795332
7213,0.97,3,4,0.528847743
7213,1.03,3,4,0.477222308
7213,1.03,2,1,0.452913228
7213,1.034,1,4,0.329248979
7213,1.07,1,1,0.246706891
7213,1.1,2,1,0.545040914
7213,1.134,2,5,0.474824273
7213,1.14,2,5,0.734716064
7213,1.16,3,5,0.395569797
7213,1.17,3,4,0.449622326
7213,1.17,3,5,0.342370768
7213,1.233,2,5,0.53235975
7213,1.24,1,2,0.419329572
7213,1.33,1,4,0.193769769
7213,1.34,3,5,0.518679404
7213,1.4,3,1,0.384751377
7213,1.43,1,4,0.371221149
7213,1.56,3,5,0.310425519
7213,1.73,1,1,0.516877028
7213,1.83,3,2,0.602002863
7213,1.86,1,5,0.674846837
7213,1.87,2,5,0.405174374
7213,1.9,1,5,0.491907803
7213,2,2,5,0.334474339
7213,2.04,3,5,0.59280005
7213,2.06,1,3,0.602417704
7213,2.06,1,5,0.521078952
7213,2.1,3,1,0.240430926
7213,2.2,2,5,0.45444981
7213,2.34,3,5,0.37939721
7213,2.4,2,5,0.262551646
7213,2.53,1,5,0.515982422
7213,2.73,1,5,0.679766992
7213,2.74,2,5,0.426533563
7213,2.834,3,4,0.49754216
7213,2.86,3,4,0.541189324
7213,2.903,2,4,0.215316151
7213,3.1,3,4,0.399208594
7213,3.14,3,3,0.554396865
7213,3.3,1,5,0.539357888
7213,3.4,3,4,0.434962156
7213,3.46,2,3,0.448635475
7213,3.466,3,5,0.360394119
7213,3.5,1,5,0.526698066
7213,3.53,3,5,0.50458796
7213,3.56,1,4,0.435439753
7213,3.57,1,4,0.491537949
7213,3.6,3,3,0.365042374
7213,4.43,2,5,0.566038436
7213,5.1,1,5,0.362992084
7213,5.33,2,5,0.486569434
7213,5.46,2,5,0.456924617
7213,5.634,1,5,0.370542717
7213,5.87,2,5,0.469721864
7213,6.1,1,5,0.368808018
7213,7.17,3,5,0.424849233
7213,7.4,2,5,0.723075709
7213,7.7,1,5,0.644672766
7213,7.733,2,5,0.468428987
7213,10.1,3,5,0.60429174
7213,14.3,1,5,0.650883099
7216,0.53,2,1,0.549210792
7216,0.633,1,5,0.239114826
7216,0.7,1,5,0.438076784
7216,0.87,3,2,0.476411646
7216,1,3,4,0.387182367
7216,1,3,5,0.549607509
7216,1.033,3,5,0.43112205
7216,1.07,2,5,0.365985483
7216,1.2,3,2,0.4233731
7216,1.5,1,5,0.62934291
7216,1.5,2,5,0.542224169
7216,1.97,1,5,0.541871555
7216,2.2,2,5,0.66342809
7216,2.23,2,4,0.377385902
7216,2.466,1,5,0.473312098
7216,2.467,2,5,0.495411244
7216,2.566,2,5,0.48795837
7216,2.567,3,4,0.465319886
7216,2.63,3,4,0.472214009
7216,2.84,1,5,0.411027751
7216,3,1,5,0.43860705
7216,3.066,2,5,0.357221437
7216,3.17,3,4,0.137304809
7216,4.5,1,5,0.36340555
7216,4.63,3,4,0.404026777
7216,5.03,1,5,0.637521898
7216,5.166,1,5,0.549831134
7216,5.56,1,5,0.308503732
7216,7.867,3,5,0.608981571
7217,0.5,2,5,0.427925838
7217,0.5,1,5,0.297277499
7217,0.53,1,3,0.275864579
7217,0.533,1,5,0.50693522
7217,0.566,1,4,0.221826368
7217,0.6,1,2,0.485873857
7217,0.6,3,5,0.38321568
7217,0.63,3,1,0.677014332
7217,0.7,3,4,0.572611105
7217,0.73,1,4,0.688363811
7217,0.73,3,5,0.318772321
7217,0.83,2,1,0.535235492
7217,0.86,2,5,0.509992922
7217,0.9,2,5,0.371529077
7217,0.93,3,5,0.451241571
7217,0.934,3,1,0.356827833
7217,0.94,1,5,0.749786273
7217,1.03,3,4,0.429378364
7217,1.06,1,5,0.271206338
7217,1.07,1,4,0.451117642
7217,1.1,1,5,0.464670501
7217,1.14,3,5,0.470689866
7217,1.2,1,5,0.495814166
7217,1.27,1,5,0.585718827
7217,1.36,3,4,0.402628176
7217,1.37,1,5,0.250232547
7217,1.4,1,5,0.269857793
7217,1.43,2,5,0.500703241
7217,1.46,3,1,0.534286486
7217,1.47,3,5,0.537795444
7217,1.633,3,4,0.53786554
7217,1.66,2,5,0.535210151
7217,1.7,3,5,0.550984702
7217,1.73,1,5,0.602173656
7217,1.73,2,5,0.453831797
7217,1.8,3,5,0.58125239
7217,1.833,2,4,0.320816505
7217,1.87,1,5,0.519982759
7217,1.94,3,4,0.439524834
7217,1.97,3,4,0.559457551
7217,2.1,1,5,0.455896965
7217,2.1,2,2,0.349652468
7217,2.14,2,5,0.440835838
7217,2.2,1,5,0.345242707
7217,2.2,2,5,0.373683242
7217,2.23,2,5,0.464185661
7217,2.37,2,5,0.346731168
7217,2.43,2,5,0.478590696
7217,2.5,2,4,0.437520856
7217,2.53,2,5,0.507186132
7217,2.57,3,5,0.402738163
7217,2.64,3,5,0.419986411
7217,2.7,2,5,0.542049955
7217,3.033,1,5,0.674167842
7217,3.367,2,5,0.532558742
7217,3.43,3,5,0.487671184
7217,3.47,3,5,0.556393212
7217,3.633,2,5,0.300861473
7217,3.9,1,5,0.725536518
7217,4.07,1,5,0.47404879
7217,4.13,3,5,0.504864381
7217,4.233,3,5,0.450782483
7217,5.6,3,5,0.471231206
7217,6.14,3,5,0.348353292
7217,7.54,1,5,0.335418669
7217,8.3,3,5,0.443753762
7217,8.5,2,5,0.401457844
7218,0.5,2,4,0.574658459
7218,0.5,2,1,0.555677896
7218,0.53,3,3,0.435234076
7218,0.533,2,1,0.595347508
7218,0.566,2,2,0.302446378
7218,0.6,1,3,0.688785278
7218,0.6,3,1,0.5806256
7218,0.6,3,1,0.290304407
7218,0.63,1,2,0.382144515
7218,0.63,3,1,0.759916022
7218,0.667,2,2,0.56028734
7218,0.7,2,2,0.321601651
7218,0.7,1,5,0.744038748
7218,0.73,3,2,0.148332069
7218,0.733,3,2,0.562110725
7218,0.77,1,3,0.295871221
7218,0.77,1,1,0.532410048
7218,0.77,3,2,0.480114888
7218,0.8,1,3,0.473231999
7218,0.8,1,3,0.463839821
7218,0.8,1,1,0.446730348
7218,0.83,3,4,0.59230409
7218,0.933,2,1,0.551501653
7218,0.97,2,1,0.422756918
7218,0.97,1,4,0.435349411
7218,1.03,2,5,0.532471672
7218,1.033,3,5,0.421005178
7218,1.07,3,5,0.568919573
7218,1.13,2,5,0.523710604
7218,1.167,3,3,0.345766619
7218,1.23,1,5,0.630380298
7218,1.27,3,5,0.498637467
7218,1.27,1,5,0.526521108
7218,1.37,1,5,0.236396953
7218,1.4,3,5,0.34427206
7218,1.4,3,1,0.606750008
7218,1.47,2,5,0.575196953
7218,1.5,2,4,0.589671963
7218,1.5,3,4,0.436511131
7218,1.6,2,5,0.445965987
7218,1.63,3,3,0.566001268
7218,1.64,1,5,0.562637427
7218,1.7,3,5,0.452334233
7218,1.73,3,5,0.442195172
7218,1.767,3,4,0.560534217
7218,2.1,1,5,0.510957862
7218,2.13,3,5,0.61167729
7218,2.16,3,3,0.44124394
7218,2.3,1,4,0.66658269
7218,2.3,3,5,0.573123662
7218,2.33,2,1,0.515484846
7218,2.466,3,4,0.474283744
7218,2.57,3,5,0.494918527
7218,2.6,1,5,0.486583269
7218,2.63,1,5,0.557054706
7218,2.73,2,4,0.530907902
7218,2.73,2,4,0.541709383
7218,2.73,1,5,0.410384962
7218,2.866,3,5,0.606652361
7218,3.1,2,5,0.573337185
7218,3.166,3,4,0.282042708
7218,3.17,1,5,0.571519775
7218,3.23,1,3,0.651525465
7218,3.27,3,5,0.378737257
7218,3.3,2,5,0.601830815
7218,3.33,1,5,0.475833257
7218,3.37,1,5,0.297462918
7218,3.467,2,5,0.622082423
7218,3.47,2,4,0.708039134
7218,3.5,2,4,0.530987426
7218,3.63,2,5,0.308412968
7218,4.5,1,5,0.516197912
7218,4.73,3,5,0.536803667
7218,5.2,1,4,0.516679492
7218,5.24,2,5,0.410113354
7218,5.43,2,4,0.470359034
7218,5.6,2,5,0.44612812
7218,5.7,2,5,0.535426344
7218,6.1,2,5,0.374001064
7218,6.34,2,5,0.543332186
7218,6.9,2,5,0.638200735
7218,7.433,1,5,0.489480914
7218,9.03,1,5,0.300803073
7218,9.033,3,5,0.463481843
7218,10.8,3,5,0.487498963
7218,15.6,3,5,0.497582509
7220,0.53,1,5,0.343053608
7220,0.566,1,4,0.402633071
7220,0.6,3,4,0.479372036
7220,0.9,1,4,0.619917523
7220,0.97,2,5,0.354077779
7220,1,2,5,0.396174273
7220,1.03,3,5,0.322948342
7220,1.07,2,3,0.412990828
7220,1.1,2,5,0.559964086
7220,1.134,2,2,0.477274391
7220,1.3,3,1,0.706918805
7220,1.3,1,5,0.40963841
7220,1.37,1,2,0.405152169
7220,1.4,1,5,0.588944382
7220,1.43,3,3,0.370915092
7220,1.433,3,5,0.67805725
7220,1.467,2,5,0.546668319
7220,1.467,3,5,0.58243694
7220,1.57,1,4,0.438558257
7220,1.63,2,5,0.350934274
7220,1.83,3,4,0.490164038
7220,1.833,1,5,0.386790643
7220,1.93,2,4,0.564435188
7220,2.23,2,5,0.624123286
7220,2.4,1,5,0.604362628
7220,2.467,2,5,0.523846744
7220,2.6,3,5,0.529847414
7220,2.6,2,5,0.457465802
7220,2.8,2,2,0.433852472
7220,2.9,3,5,0.317421921
7220,2.9,2,5,0.484868991
7220,3.07,1,5,0.517665072
7220,3.1,3,4,0.498340502
7220,3.1,1,5,0.722792025
7220,3.367,1,5,0.484063622
7220,3.4,1,4,0.415777851
7220,3.56,2,4,0.581064182
7220,3.76,3,5,0.750724729
7220,3.84,1,4,0.520767833
7220,4.034,2,5,0.690223906
7220,5.03,3,5,0.449965854
7220,5.03,1,5,0.490065541
7220,5.77,2,5,0.534688942
7220,7.3,1,5,0.608702013
7220,10.967,3,5,0.555103319
7221,0.5,3,2,0.578623904
7221,0.5,3,1,0.6774234
7221,0.56,1,2,0.621052153
7221,0.57,1,2,0.536181489
7221,0.57,1,1,0.487422797
7221,0.6,2,2,0.644910582
7221,0.6,1,1,0.567546635
7221,0.6,3,3,0.360485487
7221,0.6,2,1,0.538756618
7221,0.634,2,4,0.637084885
7221,0.64,2,1,0.348063106
7221,0.66,3,2,0.744119823
7221,0.67,2,1,0.669169391
7221,0.67,2,3,0.520296337
7221,0.7,2,2,0.568387298
7221,0.73,3,3,0.432586957
7221,0.73,1,4,0.323749361
7221,0.8,1,1,0.575893107
7221,0.8,1,1,0.514901269
7221,0.87,3,2,0.618096705
7221,1,2,2,0.507016921
7221,1,3,2,0.610438733
7221,1,2,3,0.482313112
7221,1,3,1,0.353832147
7221,1,2,1,0.769647912
7221,1.03,1,2,0.567059611
7221,1.067,1,3,0.454187848
7221,1.1,2,1,0.274910285
7221,1.1,3,1,0.49613487
7221,1.1,2,2,0.465516122
7221,1.16,2,2,0.55581378
7221,1.17,2,2,0.47307153
7221,1.2,3,5,0.368374179
7221,1.23,2,3,0.45605639
7221,1.23,1,3,0.490663839
7221,1.27,1,3,0.533157645
7221,1.34,2,2,0.426602178
7221,1.34,1,1,0.708457117
7221,1.43,2,5,0.251724171
7221,1.5,1,2,0.391567449
7221,1.5,3,5,0.512702245
7221,1.53,2,2,0.57406853
7221,1.73,1,4,0.551210396
7221,1.77,3,3,0.626446687
7221,1.86,1,5,0.43794938
7221,2.23,3,3,0.623100082
7221,2.23,1,5,0.440080039
7221,2.5,1,5,0.397869789
7221,2.6,1,5,0.515807138
7221,2.7,1,3,0.39439823
7221,2.734,3,2,0.745441662
7221,2.866,1,4,0.312096109
7221,2.87,1,3,0.365226962
7221,2.9,1,1,0.55440602
7221,2.97,1,5,0.586503032
7221,3,3,4,0.469358957
7221,3.93,2,5,0.350758378
7221,3.97,1,5,0.540689401
7221,4.033,1,5,0.592921784
7221,4.04,2,5,0.63332479
7221,4.6,3,2,0.246929444
7221,4.6,1,5,0.495380872
7221,4.67,3,5,0.534725769
7221,4.73,3,4,0.580176983
7221,4.97,1,3,0.572380149
7221,5.1,2,4,0.498403101
7221,5.1,3,5,0.496747694
7221,5.566,2,5,0.591918183
7221,6.27,1,5,0.590708539
7221,8.2,1,5,0.427804161
7221,8.73,2,5,0.670929964
7221,9.57,1,5,0.431489885
7221,11.333,3,5,0.366406684
7222,0.53,1,3,0.367659245
7222,0.56,2,1,0.478602035
7222,0.57,3,4,0.334388642
7222,0.6,1,1,0.478101195
7222,0.63,2,3,0.358668935
7222,0.63,1,1,0.66234047
7222,0.64,1,1,0.650057427
7222,0.64,1,2,0.490444935
7222,0.67,2,2,0.539589084
7222,0.67,2,5,0.545308825
7222,0.7,2,3,0.583884178
7222,0.7,2,3,0.399194214
7222,0.7,3,3,0.41134229
7222,0.73,2,1,0.405580974
7222,0.73,1,2,0.50955404
7222,0.73,2,4,0.468946769
7222,0.73,2,1,0.60285203
7222,0.767,2,1,0.627236778
7222,0.77,1,5,0.427835344
7222,0.83,2,3,0.654374504
7222,0.83,2,1,0.356181239
7222,0.83,2,5,0.561477746
7222,0.9,1,1,0.49851397
7222,0.93,2,4,0.471047479
7222,0.93,1,5,0.344605399
7222,0.97,1,2,0.380563448
7222,1.03,1,2,0.756428994
7222,1.04,2,1,0.420417784
7222,1.1,2,5,0.689628718
7222,1.1,2,5,0.425330021
7222,1.1,1,4,0.411194587
7222,1.167,1,1,0.540811998
7222,1.2,3,5,0.385861355
7222,1.23,1,4,0.518440706
7222,1.23,1,1,0.639156349
7222,1.3,1,2,0.595667163
7222,1.3,2,1,0.650442275
7222,1.33,2,2,0.547445931
7222,1.4,2,1,0.5262219
7222,1.44,1,2,0.582292774
7222,1.44,1,4,0.395218444
7222,1.5,2,1,0.47622659
7222,1.6,1,5,0.314456551
7222,1.6,2,3,0.689716968
7222,1.64,3,2,0.538176867
7222,1.7,2,5,0.353866763
7222,1.7,2,3,0.534842495
7222,1.77,3,4,0.335674085
7222,1.8,1,5,0.448308231
7222,1.93,2,2,0.300500293
7222,2,3,2,0.196878561
7222,2.04,2,3,0.657691884
7222,2.13,1,2,0.627032463
7222,2.14,3,2,0.41650138
7222,2.3,1,4,0.552771155
7222,2.4,3,4,0.733060888
7222,2.83,2,4,0.517920072
7222,2.94,1,4,0.265291929
7222,3.033,2,4,0.499535198
7222,3.06,2,5,0.500196668
7222,3.17,2,5,0.478877037
7222,3.46,1,4,0.604986631
7222,3.53,1,4,0.358803051
7222,3.53,2,4,0.125302104
7222,3.66,3,5,0.640962634
7222,3.8,2,5,0.447327603
7222,3.84,1,4,0.560574708
7222,3.9,2,4,0.132191501
7222,4.27,2,2,0.385664977
7222,4.3,1,2,0.593191132
7222,4.37,1,4,0.528932318
7222,4.9,2,5,0.750359894
7222,5.17,1,4,0.530186825
7222,5.17,2,4,0.433786042
7222,5.2,1,5,0.438795415
7222,5.27,3,5,0.576312397
7222,5.3,1,5,0.679169821
7222,5.37,2,4,0.591792186
7222,5.4,2,5,0.622259193
7222,6.1,1,5,0.524880899
7222,6.36,1,4,0.595972825
7222,6.53,1,5,0.382493042
7222,6.6,1,4,0.632016872
7222,6.73,2,4,0.675008349
7222,8.63,2,5,0.43399611
7223,0.5,2,3,0.476647996
7223,0.5,2,1,0.624090701
7223,0.53,1,2,0.609828474
7223,0.533,2,1,0.727135775
7223,0.57,3,4,0.5776554
7223,0.57,2,1,0.493956194
7223,0.57,2,2,0.432257493
7223,0.6,2,1,0.556127064
7223,0.63,2,4,0.479229214
7223,0.7,2,1,0.63040207
7223,0.74,2,3,0.40948448
7223,0.8,1,2,0.44560379
7223,0.86,2,2,0.556045089
7223,0.933,2,2,0.570456518
7223,0.933,2,3,0.440993514
7223,0.97,2,5,0.586728669
7223,1,3,1,0.290810502
7223,1.1,2,4,0.354148358
7223,1.13,1,1,0.568123284
7223,1.16,1,1,0.619744564
7223,1.17,2,3,0.392184442
7223,1.4,3,5,0.482415533
7223,1.5,2,3,0.63755896
7223,1.6,2,2,0.577739572
7223,1.64,3,1,0.561600038
7223,1.67,2,1,0.414377409
7223,1.867,2,3,0.62819475
7223,2.033,2,4,0.510615939
7223,2.06,1,2,0.540655434
7223,2.066,3,4,0.502692844
7223,2.14,3,3,0.549637882
7223,2.2,3,3,0.49986847
7223,2.24,2,2,0.29764646
7223,2.33,3,2,0.310866418
7223,2.5,1,3,0.570309085
7223,2.53,3,3,0.253235183
7223,2.86,1,2,0.627644999
7223,2.866,3,2,0.375398571
7223,3.03,2,5,0.548624958
7223,3.14,2,2,0.594877809
7223,3.14,2,2,0.490111663
7223,3.434,3,3,0.485304661
7223,3.6,1,2,0.509262166
7223,3.63,1,5,0.442382148
7223,3.667,3,4,0.386839536
7223,3.9,2,4,0.476100748
7223,4.1,2,5,0.489444013
7223,4.2,3,5,0.558254068
7223,4.33,2,5,0.420962033
7223,4.34,2,3,0.293606082
7223,4.5,2,2,0.531695113
7223,4.57,2,3,0.349396061
7223,4.666,3,5,0.437409873
7223,4.67,3,5,0.419125822
7223,4.73,1,3,0.604590447
7223,4.96,3,5,0.330549262
7223,5.03,2,5,0.46404607
7223,5.06,3,5,0.542085134
7223,5.54,3,2,0.472735263
7223,5.6,1,5,0.659772918
7223,5.63,1,5,0.658344229
7223,5.7,3,4,0.695230019
7223,5.73,3,5,0.663714243
7223,5.77,2,4,0.402070577
7223,5.77,2,5,0.619324479
7223,5.8,3,5,0.465203723
7223,5.9,3,4,0.683004707
7223,6.2,3,5,0.621495004
7223,6.7,1,5,0.517617856
7223,6.934,2,5,0.621084819
7223,8.16,2,5,0.50732182
7223,8.43,3,4,0.541307897
7223,9.1,1,5,0.454041627
7223,9.13,2,5,0.252755681
7225,0.5,1,2,0.688581842
7225,0.5,1,1,0.489018334
7225,0.5,1,1,0.521341365
7225,0.53,3,3,0.288910389
7225,0.56,3,3,0.243914605
7225,0.56,1,1,0.385534535
7225,0.64,1,2,0.543901826
7225,0.7,3,4,0.385334713
7225,0.7,3,1,0.565144481
7225,0.7,2,5,0.639901951
7225,0.8,3,2,0.693998573
7225,0.8,3,1,0.561548888
7225,0.9,1,5,0.478779869
7225,0.9,3,1,0.596020475
7225,0.933,3,1,0.683700127
7225,1,3,2,0.493013679
7225,1.033,1,1,0.41273166
7225,1.07,1,2,0.672799172
7225,1.2,1,1,0.518705284
7225,1.23,3,3,0.63304229
7225,1.26,1,2,0.34319966
7225,1.333,3,4,0.463790796
7225,1.367,3,1,0.554378383
7225,1.4,3,2,0.492073824
7225,1.43,2,1,0.277857816
7225,1.54,2,3,0.466341344
7225,1.734,2,3,0.463287317
7225,1.767,3,1,0.410273416
7225,1.9,2,2,0.556914591
7225,1.9,2,5,0.53453454
7225,1.94,1,4,0.537766482
7225,2.23,1,5,0.792428376
7225,2.266,3,1,0.395568945
7225,2.4,2,3,0.54422853
7225,2.466,2,1,0.602924859
7225,2.5,1,5,0.376527012
7225,2.74,1,5,0.702328659
7225,2.8,1,5,0.667338516
7225,2.833,1,3,0.758338783
7225,2.93,1,1,0.507727978
7225,3.167,3,1,0.554556256
7225,3.53,3,5,0.474973727
7225,3.54,1,4,0.455245102
7225,4.267,3,4,0.528529456
7225,4.4,1,5,0.595511432
7225,4.63,3,5,0.462070703
7225,5.86,1,5,0.540543188
7225,5.97,1,2,0.554245501
7225,6,2,4,0.415233767
7225,6.24,2,5,0.550779372
7225,6.27,2,5,0.220698099
7225,6.37,1,4,0.489892358
7225,6.37,3,5,0.484570026
7225,6.67,1,5,0.657749065
7225,6.97,2,4,0.547933885
7225,7.63,3,5,0.442325818
7225,8.53,1,5,0.672919745
7225,11.53,1,5,0.22669167
7225,11.6,3,5,0.413341222
7225,12.63,1,5,0.330345936
7225,14.9,3,5,0.443089643
7233,0.5,3,3,0.468672969
7233,0.5,1,1,0.581965404
7233,0.5,2,1,0.506932853
7233,0.53,1,1,0.497205535
7233,0.53,2,1,0.533029225
7233,0.54,3,5,0.555030155
7233,0.56,1,1,0.573291797
7233,0.566,3,4,0.296412354
7233,0.57,3,1,0.47884724
7233,0.6,3,3,0.555665434
7233,0.63,1,4,0.370631562
7233,0.67,1,4,0.361736323
7233,0.7,2,1,0.20078516
7233,0.7,1,1,0.280627385
7233,0.7,3,1,0.623838771
7233,0.7,1,1,0.497088684
7233,0.73,1,1,0.405984742
7233,0.73,1,1,0.785317721
7233,0.74,3,1,0.365768774
7233,0.77,1,1,0.468321176
7233,0.77,3,1,0.553906664
7233,0.8,2,2,0.526889556
7233,0.8,1,3,0.630282552
7233,0.8,3,1,0.38473077
7233,0.867,1,3,0.723759655
7233,0.87,1,2,0.32090838
7233,0.9,1,4,0.416850135
7233,0.9,2,5,0.463232028
7233,0.9,1,2,0.462270984
7233,0.9,1,4,0.535013519
7233,0.9,3,1,0.585110098
7233,0.93,2,1,0.544935883
7233,0.934,1,1,0.44368052
7233,0.96,3,1,0.697717707
7233,0.97,2,5,0.676533732
7233,1.1,1,1,0.327727645
7233,1.13,3,3,0.305915567
7233,1.134,2,5,0.260845219
7233,1.14,2,1,0.361668341
7233,1.2,1,1,0.337355135
7233,1.2,1,3,0.525117932
7233,1.2,3,3,0.425843494
7233,1.2,3,1,0.625785023
7233,1.23,1,2,0.271071107
7233,1.26,1,4,0.471210391
7233,1.3,2,1,0.394930615
7233,1.333,3,1,0.387907312
7233,1.36,1,2,0.587984261
7233,1.37,1,3,0.422578814
7233,1.4,2,5,0.333597268
7233,1.43,1,1,0.46908758
7233,1.46,2,1,0.561518632
7233,1.46,1,5,0.64482076
7233,1.467,1,3,0.57349687
7233,1.6,1,5,0.465839319
7233,1.76,1,2,0.46132572
7233,2,1,3,0.428995404
7233,2.17,1,1,0.674638294
7233,2.266,1,3,0.656920495
7233,2.3,3,5,0.491217459
7233,2.57,3,2,0.387336228
7233,2.63,1,5,0.538847723
7233,2.87,1,3,0.592755979
7233,3.17,1,3,0.327804516
7233,3.234,1,3,0.583379458
7233,3.26,3,1,0.468827026
7233,3.4,1,5,0.619100193
7233,3.47,3,3,0.435974852
7233,3.77,1,5,0.49633669
7233,4,1,2,0.438926338
7233,4.4,1,5,0.364727527
7233,4.63,3,2,0.496223082
7233,4.633,1,4,0.661803134
7233,4.9,1,3,0.532123276
7233,5.54,2,5,0.498694687
7233,6.533,3,3,0.386762979
7233,7.133,3,5,0.377165938
7233,7.4,2,4,0.505055109
7233,9.27,1,5,0.307939992
